,2C_to_32cell_embryo4_5_k0.1_r0.01,1C_to_2cell_embryo11_1_split1_k0.1_r0.01,2C_to_32cell_embryo2_7_split2_k0.1_r0.01,1C_to_2cell_embryo12_2_split2_k0.1_r0.01,1C_to_2cell_embryo5_1_split2_k0.1_r0.01,1C_to_2cell_embryo3_1_split1_k0.1_r0.01,2C_to_32cell_embryo2_4_split2_k0.1_r0.01,2C_to_32cell_embryo1_4_split1_k0.1_r0.01,2C_to_32cell_embryo2_5_split1_k0.1_r0.01,1C_to_2cell_embryo4_1_split1_k0.1_r0.01,2C_to_32cell_embryo3_4_split1_k0.1_r0.01,2C_to_32cell_embryoMixed_12_k0.1_r0.01,1C_to_2cell_embryo10_1_split1_k0.1_r0.01,2C_to_32cell_embryoMixed_18_k0.1_r0.01,1C_to_2cell_embryo4_2_split2_k0.1_r0.01,1C_to_2cell_embryo11_2_split2_k0.1_r0.01,1C_to_2cell_embryo12_1_split1_k0.1_r0.01,2C_to_32cell_embryo5_5_k0.1_r0.01,2C_to_32cell_embryo1_3_split1_k0.1_r0.01,2C_to_32cell_embryo1_6_split2_k0.1_r0.01,2C_to_32cell_embryoMixed_6_k0.1_r0.01,2C_to_32cell_embryo4_3_k0.1_r0.01,2C_to_32cell_embryo1_5_split2_k0.1_r0.01,1C_to_2cell_embryo9_1_split2_k0.1_r0.01,2C_to_32cell_embryo1_5_split1_k0.1_r0.01,2C_to_32cell_embryo1_3_split2_k0.1_r0.01,1C_to_2cell_embryo6_1_split2_k0.1_r0.01,2C_to_32cell_embryo4_1_k0.1_r0.01,1C_to_2cell_embryo1_1_split2_k0.1_r0.01,2C_to_32cell_embryo2_9_split1_k0.1_r0.01,2C_to_32cell_embryo1_2_split2_k0.1_r0.01,2C_to_32cell_embryo2_5_split2_k0.1_r0.01,2C_to_32cell_embryo1_8_split1_k0.1_r0.01,1C_to_2cell_embryo8_1_split1_k0.1_r0.01,1C_to_2cell_embryo3_2_split2_k0.1_r0.01,2C_to_32cell_embryo6_4_k0.1_r0.01,2C_to_32cell_embryoMixed_15_k0.1_r0.01,1C_to_2cell_embryo6_1_split1_k0.1_r0.01,1C_to_2cell_embryo7_1_split2_k0.1_r0.01,2C_to_32cell_embryo1_7_split2_k0.1_r0.01,1C_to_2cell_embryo2_1_split2_k0.1_r0.01,1C_to_2cell_embryo11_2_split1_k0.1_r0.01,2C_to_32cell_embryoMixed_13_k0.1_r0.01,2C_to_32cell_embryo1_8_split2_k0.1_r0.01,1C_to_2cell_embryo11_1_split2_k0.1_r0.01,1C_to_2cell_embryo9_2_split1_k0.1_r0.01,2C_to_32cell_embryoMixed_24_k0.1_r0.01,2C_to_32cell_embryo2_10_split2_k0.1_r0.01,1C_to_2cell_embryo6_2_split2_k0.1_r0.01,2C_to_32cell_embryo2_1_split2_k0.1_r0.01,1C_to_2cell_embryo5_2_split1_k0.1_r0.01,2C_to_32cell_embryo6_1_k0.1_r0.01,1C_to_2cell_embryo1_1_split1_k0.1_r0.01,1C_to_2cell_embryo7_2_split1_k0.1_r0.01,2C_to_32cell_embryoMixed_22_k0.1_r0.01,1C_to_2cell_embryo3_2_split1_k0.1_r0.01,2C_to_32cell_embryo2_7_split1_k0.1_r0.01,1C_to_2cell_embryo10_1_split2_k0.1_r0.01,2C_to_32cell_embryo4_2_k0.1_r0.01,2C_to_32cell_embryo1_7_split1_k0.1_r0.01,2C_to_32cell_embryo6_8_k0.1_r0.01,1C_to_2cell_embryo8_1_split2_k0.1_r0.01,2C_to_32cell_embryoMixed_9_k0.1_r0.01,2C_to_32cell_embryo6_3_k0.1_r0.01,1C_to_2cell_embryo4_1_split2_k0.1_r0.01,1C_to_2cell_embryo10_2_split2_k0.1_r0.01,2C_to_32cell_embryo6_6_k0.1_r0.01,1C_to_2cell_embryo9_1_split1_k0.1_r0.01,2C_to_32cell_embryo1_2_split1_k0.1_r0.01,2C_to_32cell_embryo1_4_split2_k0.1_r0.01,2C_to_32cell_embryo2_1_split1_k0.1_r0.01,2C_to_32cell_embryo2_9_split2_k0.1_r0.01,2C_to_32cell_embryo2_8_split2_k0.1_r0.01,2C_to_32cell_embryoMixed_10_k0.1_r0.01,2C_to_32cell_embryo2_8_split1_k0.1_r0.01,1C_to_2cell_embryo3_1_split2_k0.1_r0.01,2C_to_32cell_embryo5_3_k0.1_r0.01,2C_to_32cell_embryo1_1_split1_k0.1_r0.01,2C_to_32cell_embryo2_4_split1_k0.1_r0.01,1C_to_2cell_embryo8_2_split2_k0.1_r0.01,2C_to_32cell_embryoMixed_2_k0.1_r0.01,2C_to_32cell_embryoMixed_7_k0.1_r0.01,1C_to_2cell_embryo7_1_split1_k0.1_r0.01,1C_to_2cell_embryo2_2_split1_k0.1_r0.01,2C_to_32cell_embryo2_10_split1_k0.1_r0.01,2C_to_32cell_embryo6_7_k0.1_r0.01,1C_to_2cell_embryo8_2_split1_k0.1_r0.01,2C_to_32cell_embryo6_5_k0.1_r0.01,2C_to_32cell_embryo4_4_k0.1_r0.01,1C_to_2cell_embryo6_2_split1_k0.1_r0.01,1C_to_2cell_embryo4_2_split1_k0.1_r0.01,2C_to_32cell_embryoMixed_8_k0.1_r0.01,2C_to_32cell_embryoMixed_16_k0.1_r0.01,2C_to_32cell_embryo5_4_k0.1_r0.01,1C_to_2cell_embryo2_2_split2_k0.1_r0.01,2C_to_32cell_embryoMixed_20_k0.1_r0.01,2C_to_32cell_embryoMixed_21_k0.1_r0.01,2C_to_32cell_embryo3_4_split2_k0.1_r0.01,1C_to_2cell_embryo10_2_split1_k0.1_r0.01,2C_to_32cell_embryoMixed_5_k0.1_r0.01,2C_to_32cell_embryo1_6_split1_k0.1_r0.01,2C_to_32cell_embryo3_2_split2_k0.1_r0.01,2C_to_32cell_embryo1_1_split2_k0.1_r0.01,2C_to_32cell_embryoMixed_11_k0.1_r0.01,1C_to_2cell_embryo1_2_split2_k0.1_r0.01,1C_to_2cell_embryo2_1_split1_k0.1_r0.01,1C_to_2cell_embryo1_2_split1_k0.1_r0.01,2C_to_32cell_embryoMixed_4_k0.1_r0.01,1C_to_2cell_embryo12_2_split1_k0.1_r0.01,2C_to_32cell_embryoMixed_1_k0.1_r0.01,2C_to_32cell_embryo6_2_k0.1_r0.01,1C_to_2cell_embryo5_2_split2_k0.1_r0.01,1C_to_2cell_embryo9_2_split2_k0.1_r0.01,1C_to_2cell_embryo5_1_split1_k0.1_r0.01,2C_to_32cell_embryoMixed_23_k0.1_r0.01,2C_to_32cell_embryoMixed_3_k0.1_r0.01,1C_to_2cell_embryo7_2_split2_k0.1_r0.01,2C_to_32cell_embryoMixed_14_k0.1_r0.01,1C_to_2cell_embryo12_1_split2_k0.1_r0.01,2C_to_32cell_embryoMixed_19_k0.1_r0.01,2C_to_32cell_embryoMixed_17_k0.1_r0.01
lpchol_hs,0.0,0.0,0.0,0.0,0.0,0.0,0.0,0.0,0.0,0.0,0.0,0.0,0.0,0.0,0.0,0.0,0.0,0.0,0.0,0.0,0.0,0.0,0.0,0.0,0.0,0.0,0.0,0.0,0.0,0.0,0.0,0.0,0.0,0.0,0.0,0.0002269555521988942,0.0,0.0,0.0,0.0,0.0,0.0,0.0005975043150939905,0.0,0.0,0.0,0.0,0.0,0.0,0.00038158602122420127,0.0,0.0,0.0,0.0,0.0,0.0,0.0,0.0,0.0,0.0,0.0,0.0,0.0,0.0012481232514234208,0.0,0.0,0.0,0.0,0.0,0.0,0.0,0.0,0.0,0.0011313066683582172,0.0,0.0,0.0,0.0,0.0,0.0,0.0,0.0,0.0,0.0,0.0,0.0,0.0,0.0,0.0,0.0,0.0,0.0006870880891631764,0.0005626795820894738,0.0,0.0,0.0,0.0,0.0,0.0,0.0,0.0011065808420319487,0.0,0.0,0.0,0.0,0.0,0.0,0.000407377766865788,0.0,0.0,0.0,0.0,0.0,0.0,0.00033802858326603804,0.0007072390165712305,0.0,0.0,0.0,0.0,0.0
cmp,0.0,0.0,0.0,0.0,0.0,0.0,0.0,0.0,0.0,0.0,0.0,0.0,0.0,0.0,0.0,0.0,0.0,0.0,0.0,0.0,0.0,0.0,0.0,0.0,0.0,0.0,0.0,0.0,0.0,0.0,0.0,0.0,0.0,0.0,0.0,0.0,0.0,0.0,0.0,0.0,0.0,0.0,0.0,0.0,0.0,0.0,0.0,0.0,0.0,0.0,0.0,0.0,0.0,0.0,0.0,0.0,0.0,0.0,0.0,0.0,0.0,0.0,0.0,0.0,0.0,0.0,0.0,0.0,0.0,0.0,0.0,0.0,0.0,0.0,0.0,0.0,0.0,0.0,0.0,0.0,0.0,0.0,0.0,0.0,0.0,0.0,0.0,0.0,0.0,0.0,0.0,0.0,0.0,0.0,0.0,0.0,0.0,0.0,0.0,0.0,0.0,0.0,0.0,0.0,0.0,0.0,0.0,0.0,0.0,0.0,0.0,0.0,0.0,0.0,0.0,0.0,0.0,0.0,0.0,0.0,0.0
pa_hs,0.0,0.0,0.0,0.0,0.0,0.0,0.0,0.0,0.0,0.0,0.0,0.0,0.0,0.0,0.0,0.0,0.0,0.0,0.0,0.0,0.0,0.0,0.0,0.0,0.0,0.0,0.0,0.0,0.0,0.0,0.0,0.0,0.0,0.0,0.0,0.0,0.0,0.0,0.0,0.0,0.0,0.0,0.0,0.0,0.0,0.0,0.0,0.0,0.0,0.0,0.0,0.0,0.0,0.0,0.0,0.0,0.0,0.0,0.0,0.0,0.0,0.0,0.0,0.0,0.0,0.0,0.0,0.0,0.0,0.0,0.0,0.0,0.0,0.0,0.0,0.0,0.0,0.0,0.0,0.0,0.0,0.0,0.0,0.0,0.0,0.0,0.0,0.0,0.0,0.0,0.0,0.0,0.0,0.0,0.0,0.0,0.0,0.0,0.0,0.0,0.0,0.0,0.0,0.0,0.0,0.0,0.0,0.0,0.0,0.0,0.0,0.0,0.0,0.0,0.0,0.0,0.0,0.0,0.0,0.0,0.0
sphmyln_hs,0.0,0.0,0.0,0.0,0.0,0.0,0.0,0.0,0.0,0.0,0.0,0.0,0.0,0.0,0.0,0.0,0.0,0.0,0.0,0.0,0.0,0.0,0.0,0.0,0.0,0.0,0.0,0.0,0.0,0.0,0.0,0.0,0.0,0.0,0.0,0.0,0.0,0.0,0.0,0.0,0.0,0.0,0.0,0.0,0.0,0.0,0.0,0.0,0.0,0.0,0.001036616058483331,0.0,0.0,0.0,0.0,0.0,0.0,0.0,0.0,0.0,0.0,0.0,0.0,0.0,0.0,0.0,0.0,0.0,0.0,0.0,0.0,0.0,0.0,0.0,0.0,0.0,0.0,0.0,0.0,0.0,0.0,0.0,0.0,0.0,0.0,0.0,0.0,0.0,0.0,0.0,0.0,0.0,0.0,0.0,0.0,0.0,0.0,0.0,0.0,0.0,0.0,0.0,0.0,0.0,0.0,0.0,0.0,0.0,0.0,0.0,0.0,0.0,0.0,0.0,0.0,0.0,0.0,0.0,0.0,0.0,0.0
leu-L,0.0,0.0,0.002552985897790004,0.0,0.0,0.0,0.0028719151896960406,0.0,0.0,0.0,0.0,0.0021803934032603375,0.0,0.0,0.009159288356337206,0.0,0.0,0.0,0.005283214051506091,0.0,0.0,0.0,1.8803680718613323e-06,0.0,0.0013635604184343648,0.010738246505345425,0.0,0.003347821727293627,0.0,0.002406082076874662,0.0,0.009956663290740955,0.0,0.0,0.0,0.0,0.0,0.0,0.0,0.0,0.0,0.0,0.0,0.0,0.0,0.0,0.0003488255924217084,0.0,0.0,0.0,0.0,0.002779275137481058,0.0,0.0,0.0005713782715256946,0.0,0.0005887237714632997,0.0,0.0014535893139058808,0.0,0.0,0.0,0.0010053159215195364,0.0,0.0,0.0,0.0,0.0,0.0,0.0,0.0,0.0,0.0,0.0,0.0,0.0,0.0,0.0,0.0016738223966434307,0.0,0.0,0.0,0.0,0.0,0.0,0.0,0.0,0.0,0.0,0.0,0.0,0.0,0.0,0.0023001362028802126,0.0,0.0,0.0,0.0,0.0,0.0,0.0,0.0,0.0,0.0009865617781049394,0.0,0.0,0.0,0.0,0.0,0.0,0.0,0.0,0.0,0.0,0.0,0.0,0.0,0.0,0.00034596698603901917,0.0,0.002863429832570529
nadh,0.0007696094738835311,0.0,0.0,0.0,0.0,0.0,0.0,0.0,0.0,0.0,0.0,0.0,0.0,0.0,0.0,0.0,0.0,0.0,0.0,0.0,0.0,0.0,0.0,0.0,0.0,0.0,0.0,0.0,0.0,0.0,0.0,0.0,0.0,0.0,0.0,0.0,0.0,0.0,0.0,0.0,0.0,0.0,0.0,0.0,0.0,0.0,0.0,0.0,0.0,0.0,0.0,0.0,0.0,0.0,0.0,0.0018356417178164567,0.0,0.0,0.0,0.0,0.0,0.0,0.0,0.0,0.0,0.0,0.0,0.0,0.0,0.0,0.0,0.0,0.0,0.0,0.0,0.0,0.0,0.0,0.0,0.001077600483419885,0.0,0.0,0.0007777883030815504,0.0,0.0,0.0,0.0,0.0,0.0,0.0,0.0,0.0,0.0,0.0,0.0016909901169311584,0.0,0.0,0.0,0.0,0.0,0.0,0.0,0.0,0.0,0.0,0.0,0.0,0.0,0.0,0.0,0.0,0.0,0.0018023529560264914,0.001511249111826098,0.0,0.0,0.0,0.0,0.0,0.0,0.0
pe_hs,0.0,0.0,0.0,0.0,0.0,0.0,0.0,0.0,0.0,0.0,0.0,0.0,0.0,0.0,0.0,0.0,0.0,0.0,0.0,0.0,0.0,0.0,0.0,0.0,0.0,0.0,0.0,0.0,0.0,0.0,0.0,0.0,0.0,0.0,0.0,0.0,0.0,0.0,0.0,0.0,0.0,0.0,0.0,0.0,0.0,0.0,0.0,0.0,0.0,0.0,0.001362422460742109,0.0,0.0,0.0,0.0,0.0,0.0,0.0,0.0,0.0,0.0,0.0,0.0,0.0,0.0,0.0,0.0,0.0,0.0,0.0,0.0,0.0,0.0,0.0,0.0,0.0,0.0,0.0,0.0,0.0,0.0,0.0,0.0,0.0,0.0,0.0,0.0,0.0,0.0,0.0,0.0,0.0,0.0,0.0,0.0,0.0,0.0,0.0,0.0,0.0,0.0,0.0,0.0,0.0,0.0,0.0,0.0,0.0,0.0,0.0,0.0,0.0,0.0,0.0,0.0,0.0,0.0,0.0,0.0,0.0,0.0
trp-L,0.0,0.0,0.0,0.0,0.0,0.0,0.0,0.0,0.0,0.0,0.0,0.0,0.0,0.0,0.0,0.0,0.0,0.0,0.0,0.0,0.0,0.0,0.0,0.0,0.0,0.0,0.0,0.0,0.0,0.0,0.0,0.0,0.0,0.0,0.0,0.0,0.0,0.0,0.0,0.0,0.0,0.0,0.0,0.0,0.0,0.0,0.0,0.0,0.0,0.0,0.0006189210255979214,0.0,0.0,0.0,0.0,0.0,0.0,0.0,0.0,0.0,0.0,0.0,0.0,0.0,0.0,0.0,0.0,0.0,0.0,0.0,0.0,0.0,0.0,0.0,0.0,0.0,0.0,0.0,0.0,0.0,0.0,0.0,0.0,0.0,0.0,0.0,0.0,0.0,0.0,0.0,0.0,0.0,0.0,0.0,0.0,0.0,0.0,0.0,0.0,0.0,0.0,0.0,0.0,0.0,0.0,0.0,0.0,0.0,0.0,0.0,0.0,0.0,0.0,0.0,0.0,0.0,0.0,0.0,0.0,0.0,0.0
arg-L,0.0,0.0,0.0,0.0,0.0,0.0,0.0,0.0,0.0,0.0,0.0,0.0,0.001228545184266192,0.0,0.0,0.0,0.0,0.0,0.0,0.0,0.0,0.0,0.0,0.0,0.0,0.0021748258021119875,0.0,0.0,0.0,0.0,0.0,0.00442381408388381,0.0,0.0,0.0,0.0,0.0,0.0,0.0,0.0,0.0,0.0,0.0,0.0,0.0,0.0,0.0,0.0,0.0,0.0,0.0,0.0,0.0,0.0007238335791732662,0.0,0.0005009194853223189,0.0,0.0,0.0,0.0,0.0,0.0,0.0,0.0,0.0,0.0,0.0,0.0,0.0,0.0,0.0,0.0,0.0,0.0,0.0,0.0,0.0,0.0,0.0,0.00035626716020225024,0.0,0.0,0.0,0.0,0.0,0.0,0.0,0.0,0.0,0.0,0.0,0.0,0.0,0.0,0.0,0.0,0.0,0.0,0.0,0.0,0.0,0.0,0.0,0.0,0.0,0.0,0.0,0.0,0.0,0.0,0.0,0.0,0.0,0.0,0.0,0.0,0.0,0.0,0.0,0.0,0.0
tag_hs,0.0007352082124590277,0.0,0.0,0.0,0.0,0.0,0.0,0.000709061900466101,0.0,0.0,0.0,0.0,0.0,0.0007242364026389098,0.0,0.0,0.0,0.0008168606180390391,0.0,0.0007835856211530746,0.0,0.0,0.0006475446933436185,0.0,0.0,0.0,0.0,0.0,0.0,0.0,0.0,0.0,0.000836118503789777,0.0,0.0,0.0,0.0,0.0,0.0,0.0008972015976637383,0.0,0.0,0.0004005215666445701,0.0,0.0,0.0,0.0,0.000804229843973221,0.0,0.0,0.0,0.0,0.0,0.0,0.0,0.0,0.0,0.0,0.0,0.0008544423234960296,0.0,0.0,0.0,0.0,0.0,0.0,0.0,0.0,0.0,0.0,0.0009352996678035458,0.0,0.0007878484329176843,0.0,0.0007571872403906741,0.0,0.000738353378409595,0.0,0.0,0.0,0.0006866859178976913,0.0,0.0,0.0,0.0,0.0,0.0,0.0,0.0,0.0,0.0,0.00010286364246658207,0.0,0.0,0.0,0.0,0.0007751370198185253,0.0,0.0,0.0,0.0,0.0,0.0,0.0,0.0,0.0,0.0,0.00034997437056309526,0.0,0.0,0.0007825052846325329,0.0010036742009510915,0.0,0.0,0.0,0.00010270973075184373,0.0,0.0,0.0,0.0007269741526555257,0.0
chsterol,0.0011919558025503675,0.00589730280812588,0.0014119921096201007,0.003013991288538845,0.0028753640243672322,0.0024788818407685174,0.0009837625895830452,0.0014029017997209488,0.0015844225720873203,0.0,0.0020827394078514897,0.0010987827282726724,0.0023737144763481613,0.001280156068397556,0.0014152948131541361,0.001889679255938022,0.00258612015983562,0.0004898297210771381,0.0012416593777456796,0.00039935682428793225,0.002108716946371851,0.0,0.00034386825463218854,0.0016375507019914714,0.0004321842280352437,0.0019483352626344047,0.0015196843693821487,0.0017106202424636181,0.004443141950812402,0.001004053552841559,0.003358273612070288,0.001706868528142216,0.0012317931992911503,0.003244575739403062,0.003167382414470035,0.0001950300374218135,0.0010337226652505156,0.002572127644595109,0.0020472931798853145,0.0006143476800919554,0.0016998813823935162,0.0021523866986354,0.0005826698426812954,0.0015088793638804322,0.002546489080969876,0.003418845085752693,0.0,0.0006149297995212465,0.0013436786136978266,0.0011703155274132115,0.0033596262642763336,0.0006410740085049841,0.0016954758342513632,0.0021056629337898774,0.000647774071242334,0.004109690412201088,0.000582064219447304,0.0008899491658005287,0.0013281174455709722,0.0013044848164291128,0.0018945766670247083,0.003336321803072582,0.00048567249888281,0.0007612163948121342,0.006210256042635871,0.0024745763881774997,0.0014221966993251916,0.0012217431895267371,0.002565077489731561,0.0029054454138657685,0.0005023169146061727,0.0012497561144670004,0.000514053834744655,0.002266334214502055,0.0012470349618967924,0.0023596344981006117,0.0005290491842541931,0.0014416610609379026,0.0011693026818689655,0.0015843170013951924,0.0011060733932420812,0.0,0.002237028023679144,0.0030853308267859165,0.0017037097795920173,0.001483032196992087,0.0015117881425556164,0.0018988989917974528,0.0,0.0036392765048995587,0.001513212519286664,0.0006427232364875784,0.0017666633158978297,0.0012501190661658175,0.001846576822930141,0.0016969380438910128,0.0010973335902026663,0.0011874696027113015,0.0025596385577679607,0.0019209970635668515,0.0007902798201467946,0.0008520192182122906,0.002839137698184771,0.0005436024013404913,0.003245002935017703,0.0005996344452846766,0.004558618589765574,0.0007294056039647462,0.0034467526119657888,0.0,0.0004087877164070689,0.002173434437633375,0.002149296022617849,0.0009952634977996044,0.002084325771312108,0.0007300814793960994,0.0036184670372811124,0.0025944082665553384,0.002252230514356651,0.0011549814941289752,5.955771928021884e-05
glygn1,0.0,0.0,0.0,0.0,0.0,0.0,0.0,0.0,0.0,0.0,0.0,0.0,0.0,0.0,0.0,0.0,0.0,0.0,0.0,0.0,0.0,0.0,0.0,0.0,0.0,0.0,0.0,0.0,0.0,0.0,0.0,0.0,0.0,0.0,0.0,0.0,0.0,0.0,0.0,0.0,0.0,0.0,0.0,0.0,0.0,0.0,0.0,0.0,0.0,0.0,0.0,0.0,0.0,0.0,0.0,0.0,0.0,0.0,0.0,0.0,0.0,0.0,0.0,0.0,0.0,0.0,0.0,0.0,0.0,0.0,0.0,0.0,0.0,0.0,0.0,0.0,0.0,0.0,0.0,0.0,0.0,0.0,0.0,0.0,0.0,0.0,0.0,0.0,0.0,0.0,0.0,0.0,0.0,0.0,0.0,0.0,0.0,0.0,0.0,0.0,0.0,0.0,0.0,0.0,0.0,0.0,0.0,0.0,0.0,0.0,0.0,0.0,0.0,0.0,0.0,0.0,0.0,0.0,0.0,0.0,0.0
damp,0.0,0.0,0.0,0.0,0.0,0.0,0.0,0.0,0.0,0.0,0.0,0.0,0.0,0.0,0.0,0.0,0.0,0.0,0.0,0.0,0.0,0.0,0.0,0.0,0.0,0.0,0.0,0.0,0.0,0.0,0.0,0.0,0.0,0.0,0.0,0.0,0.0,0.0,0.0,0.0,0.0,0.0,0.0,0.0,0.0,0.0,0.0,0.0,0.0,0.0,0.0,0.0,0.0,0.0,0.0,0.0,0.0,0.0,0.0,0.0,0.0,0.0,0.0,0.0,0.0,0.0,0.0,0.0,0.0,0.0,0.0,0.0,0.0,0.0,0.0,0.0,0.0,0.0,0.0,0.0,0.0,0.0,0.0,0.0,0.0,0.0,0.0,0.0,0.0,0.0,0.0,0.0,0.0,0.0,0.0,0.0,0.0,0.0,0.0,0.0,0.0,0.0,0.0,0.0,0.0,0.0,0.0,0.0,0.0,0.0,0.0,0.0,0.0,0.0,0.0,0.0,0.0,0.0,0.0,0.0,0.0
gly,0.0,0.0,0.0,0.0,0.0,0.0,0.0,0.0,0.0,0.0,0.0,0.0,0.0002213205708487059,0.0,0.0,0.0,0.005273867417568852,0.0,0.0,0.0,0.0,0.0,0.0,0.0,0.0,0.0,0.0,0.0,0.00422643670311017,0.0,0.0,0.0,0.0,0.0,0.0,0.0,0.0,0.014477704070257962,0.0,0.0,0.0,0.0,0.0,0.0,0.0,0.0,0.0,0.0,0.0,0.0,0.0,0.0007312403506047044,0.007847861787186222,0.0015850486727328795,0.0,0.0005119293433770484,0.0,0.0,0.0,0.0,0.0,0.0,0.0,0.0,0.0,0.0,0.0,0.0,0.0,0.0,0.0,0.0,0.0,0.0,0.0,0.0,0.0,0.0,0.0,0.001209966381608671,0.0,0.0,0.0,0.0,0.0,0.0,0.0,0.0,0.0,0.010951834517693044,0.0,0.0,0.0009155827103196974,0.0,0.0,0.0005744921465669347,0.0,0.0,0.0,0.0,0.0,0.0,0.0,0.0,0.0,0.0,0.0,0.0,0.0,0.0,0.0,0.0,0.0,0.0,0.00468236558747363,0.0,0.0,0.0,0.0,0.0,0.0
accoa,0.002844645035428079,0.0,0.0,0.003298909628254703,0.0,0.0,0.0,0.0035417032880473934,0.0028871254625189857,0.0,0.0035863942282731696,0.0,0.0,0.003757603527168337,0.002380416300754865,0.0,0.0,0.0035470364822159524,0.0,0.0030880203254225478,0.004028831730075722,0.004296627033302066,0.0038236967499592957,0.0005103902149330919,0.0,0.0,0.0,0.0,0.0,0.0,0.0021850153608580646,0.0,0.003550049761491437,0.0,0.0,0.002723053546706968,0.003044145588823997,0.0,0.0,0.0027668737439013103,0.0013007799885474043,0.0,0.003274382770312069,0.0037041486351163675,0.0,0.0,0.0,0.0036901695566259854,0.00045902104486862715,0.0035439509674018276,0.00026966509387117796,0.0,0.0,0.0,0.0,0.0,0.0,0.0,0.0,0.0024688209470674943,0.003070134326517438,0.0,0.0,0.0035086402989445422,0.0,0.0,0.0030375310696529115,0.0,0.0033594948354073307,0.0,0.003618741485337996,0.0019061027538920168,0.0036250538746475033,0.0018958879091408875,0.00303542694317234,0.0,0.003892526314041545,0.0035012992728354246,0.0,0.0,0.003539975400409628,0.0023627419644690934,0.0008406108700909499,0.0,0.0038005811631743845,0.0035577941875797824,0.0,0.003536673507489435,0.0,0.001581779712176841,0.0,0.0037702592504848566,0.0019641477920852653,0.0,0.0,0.004376667987550916,0.0037398912739375926,0.0016469202640444556,0.0,0.003981097495429688,0.0035569453483506267,0.002851476446352718,0.00394658026916492,0.0,0.0022331209813575663,0.004042990550694671,0.004128732110898527,0.003686937050841826,0.0045939960339800474,0.0022937572293763395,0.0027865579477970117,0.00064051095109925,0.0,0.0,0.0016410397819730516,0.0035705272433648374,0.0,0.0036740022983136633,0.0,0.0034738223318478475,0.0
dag_hs,0.0,0.0,0.0,0.0,0.0,0.0,0.0,0.0,0.0,0.0,0.0,0.0,0.0,0.0,0.0,0.0,0.0,0.0,0.0,0.0,0.0,0.0,0.0,0.0,0.0,0.0,0.0,0.0,0.0,0.0,0.0,0.0,0.0,0.0,0.0,0.0,0.0,0.0,0.0,0.0,0.0,0.0,0.0,0.0,0.0,0.0,0.0,0.0,0.0,0.0,0.0,0.0,0.0,0.0,0.0,0.0,0.0,0.0,0.0,0.0,0.0,0.0,0.0,0.0,0.0,0.0,0.0,0.0,0.0,0.0,0.0,0.0,0.0,0.0,0.0,0.0,0.0,0.0,0.0,0.0,0.0,0.0,0.0,0.0,0.0,0.0,0.0,0.0,0.0,0.0,0.0,0.0,0.0,0.0,0.0,0.0,0.0,0.0,0.0,0.0,0.0,0.0,0.0,0.0,0.0,0.0,0.0,0.0,0.0,0.0,0.0,0.002059317582245094,0.0,0.0,0.0,0.0,0.0,0.0,0.0,0.0,0.0
gthrd,0.0,0.0,0.003112106909962148,0.006482018584546746,0.009295188261943121,0.00364779949108034,0.003646164634915003,0.0,0.0016194724630385123,0.0,0.009207589012549137,0.0047799225301388285,0.011354265554005514,0.0,0.0,0.010567241205354651,0.014733098478022294,0.0,0.006969683278357766,0.0,0.009179358431353443,0.007496323218273889,0.0,0.002593726032491954,0.0019787121766448247,0.00420696543351477,0.0,0.004722122340631602,0.0,0.003921286808296563,0.012377784090863342,0.0058426078396418765,0.0,0.001142202532939087,0.003195689469213198,0.008767271643450406,0.007708094900038497,0.0054809842986311,0.0,0.0,0.0,0.0008965354237960757,0.0,0.006068090744996658,0.003215550398022674,0.008673990683421545,0.0,0.0,0.0,0.00844129168416527,0.0,0.008227302541701767,0.0,2.822522105789377e-05,0.001929158068145724,0.0,0.0029059402058425033,0.004813714575086548,0.002149094055336629,0.0,0.0,0.0,0.0026669157048406582,0.0,0.0,0.0,0.008821367072350999,0.007933174025196181,0.0,0.0,0.0,0.008956970071837052,0.0008610138487356758,0.006220304374842775,0.0,0.0,0.0,0.005514896737244057,0.002042435626547833,0.0,0.0,0.010016649333356987,0.0,0.0,0.01114817943635116,0.0024942529679625944,0.0,0.008300391802631068,0.0,0.0,0.0008138329456062531,0.0032762353499816094,0.0009488275204119315,0.003956835691576154,0.0,0.010221510048574578,0.0,0.008248012740356822,0.010499546929086011,0.01076778466014026,0.0034931903014100286,0.009554498477799761,0.009532008598830254,0.0020031331077622577,0.0,0.0,0.0,0.0020717410185681455,0.0,0.00986004595783338,0.0,0.0,0.005221291734281451,0.0044807693874001535,0.0,0.0020621038683432237,0.0,0.0,0.0016856441606025827,0.0,0.004538060706207121
dtmp,0.0,0.0,0.0,0.0,0.0,0.0,0.0,0.0,0.0,0.0,0.0,0.0,0.0,0.0,0.0,0.0,0.0,0.0,0.0,0.0,0.0,0.0,0.0,0.0,0.0,0.0,0.0,0.0,0.0,0.0,0.0,0.0,0.0,0.0,0.0,0.0,0.0,0.0,0.0,0.0,0.0,0.0,0.0,0.0,0.0,0.0,0.0,0.0,0.0,0.0,0.0,0.0,0.0,0.0,0.0,0.0,0.0,0.0,0.0,0.0,0.0,0.0,0.0,0.0,0.0,0.0,0.0,0.0,0.0,0.0,0.0,0.0,0.0,0.0,0.0,0.0,0.0,0.0,0.0,0.0,0.0,0.0,0.0,0.0,0.0,0.0,0.0,0.0,0.0,0.0,0.0,0.0,0.0,0.0,0.0,0.0,0.0,0.0,0.0,0.0,0.0,0.0,0.0,0.0,0.0,0.0,0.0,0.0,0.0,0.0,0.0,0.0,0.0,0.0,0.0,0.0,0.0,0.0,0.0,0.0,0.0
thr-L,0.0,0.0,0.0,0.0,0.0,0.0,0.0,0.0,0.0,0.0,0.0,0.0,0.006316177010298488,0.0,0.0,0.0,0.0,0.0,0.0,0.0,0.0,0.0,0.0,0.0,0.0,0.0,0.0,0.0,0.0,0.0,0.0,0.0,0.0,0.0,0.0,0.0,0.0,0.0,0.0,0.0,0.0,0.0,0.0,0.0,0.0,0.0019949898134471273,0.0,0.0,0.0,0.0,0.003283297396176553,0.0,0.0,0.003658819754320248,0.0,0.0055249717417235516,0.0,0.0,0.0,0.0,0.0,0.0,0.0,0.0,0.0,0.0,0.0,0.0,0.0,0.0,0.0,0.0,0.0,0.0,0.0,0.0,0.0,0.0,0.0,0.0,0.0,0.0,0.0,0.0,0.0,0.0,0.0,0.0,0.0,0.0021483542697890027,0.0,0.0,0.0,0.0,0.0,0.0,0.0,0.0,0.0,0.0,0.0,0.0,0.0,0.0,0.0,0.0,0.0,0.0,0.0,0.0,0.0,0.0,0.0,0.0,0.0,0.0,0.0,0.0,0.0,0.0,0.0
gmp,0.0,0.0,0.0,0.0,0.0,0.0,0.0,0.0,0.0,0.0,0.0,0.000562120707109141,0.0,0.0,0.0,0.0,0.0,0.0,0.0,0.0,0.0,0.0,0.0,0.0,0.000239582744363403,0.0,0.0,0.0,0.0,0.0002574700716386922,0.0,0.0,0.0,0.0,0.0,0.0,0.0022194254622593134,0.0,0.0,0.0,0.0027310514421383953,0.0,4.4634830344451176e-05,0.0,0.0,0.0,0.0,0.0,0.0,0.0010220289501114692,0.0,0.0,0.0,0.0,0.00046030229826354206,0.0,0.0,0.0,0.0,0.0,0.0021626438961075446,0.0,0.0,0.002814599833623239,0.0,0.002371435242030624,0.0044565006831756345,0.00045137638251498195,0.0,0.0,0.0,0.0,0.0,0.004660312747265354,0.0,0.0,0.0,0.0,0.0,0.0,0.0,0.0,0.0,0.0009094622317408459,0.00132589617617891,0.0,0.0,0.003251147282734847,0.0,0.0,0.0,0.001593182440619756,0.0029034648567782565,0.0004768159617000676,0.0,0.0,0.0,0.0015327619207650993,0.0,0.0,0.0004623131050603274,0.0021417166252769545,0.0,0.0002717474522386465,0.001159853075836225,0.0,0.0,0.0008815289779196692,0.002586952454402827,0.0,0.0,0.0,0.0,0.0011303990535290066,0.0017383829459472848,0.0,0.0,0.0,0.0,0.0,8.713209690223178e-05
his-L,0.0,0.0,0.0,0.0,0.0,0.0,0.0,4.9471760547640966e-05,0.0,0.0,0.0,0.0,0.0,0.0,0.0,0.0,0.0003890290942269734,0.0,0.0,6.98155428658614e-05,0.0,0.0,0.0,0.0,0.0,0.0,0.0,0.0,0.0,0.0,0.0,0.0,5.59957101021365e-05,0.0,0.0,0.00010004276644668088,0.0,0.0,0.0,0.0,0.0006473187474746074,0.0,0.0,0.0,0.0,0.0,0.0,0.0001081944752248771,0.0,0.0,0.0,0.0,0.0,0.0,0.0,0.0,0.0,0.0,0.0,0.0,0.0,0.0,0.0,0.0,0.0,0.0,0.0,0.0,0.0,0.0,0.0,0.0,0.0,0.0,0.0,0.0,0.0,0.0,0.0,0.0,0.0,0.0,0.0,0.0,0.0,0.0,0.0,0.0,0.0,0.0,0.0,0.0,0.0,0.0,0.0,0.0,0.0,0.0,0.0,0.0,0.0,0.0,0.0,0.0,0.0,0.0,0.0,0.0,0.0,0.0,6.262293242994873e-05,0.0,0.0,0.0,0.0,0.0,0.0,0.0,0.0,0.0,0.0
pro-L,0.0,0.00677372275611878,0.0,0.0,0.0,0.0,0.0,0.0,0.0,0.0,0.0,0.0,0.0,0.0,0.0,0.0,0.0,0.0,0.0,0.0,0.0,0.0,0.0,0.0,0.0,0.0025580640154008543,0.0,0.0,0.0,0.0,0.0,0.0013221494314945641,0.0,0.0,0.0,0.0,0.0,0.0,0.0,0.0,0.0,0.0,0.0,0.0,0.0,0.004100454629291471,0.002968687430818633,0.0,0.0,0.0,0.010539268908236511,0.0,0.0,0.0,0.0,0.0,0.0,0.0,0.0,0.0,0.0,0.00031920774332165993,0.0,0.0,0.003453155485447376,0.0,0.0,0.0,0.0,0.0,0.0,0.0,0.0,0.0,0.0,0.002277706452214801,0.0,0.0,0.0,0.0,0.0,0.0,0.0,0.0,0.0,0.0,0.004597257933072178,0.0,0.0,0.0,0.0,0.0,0.0,0.0,0.0,0.0,0.0,0.0,0.0,0.0,0.0,0.0,0.0,0.0,0.0,0.0,0.0,0.0,0.0,0.0,0.0,0.0,0.0,0.0,0.0,0.0,0.0,0.0,0.0,0.0,0.0
phe-L,0.0,0.0,0.0,0.0,0.0,0.0,0.0,0.0,0.0,0.0,0.0,0.0,0.0,0.0,0.0,0.0,0.0,0.0,0.0,0.0,0.0,0.0,0.0,0.0,0.0,0.0,0.0,0.0,0.0,0.0,0.0,0.0,0.0,0.0,0.0,0.0,0.0,0.0,0.0,0.0,0.0,0.0,0.0,0.0,0.0,0.0,0.0,0.0,0.0,0.0,0.0,0.0,0.0,0.0,0.0,0.0,0.0,0.0,0.0,0.0,0.0,0.0,0.0,0.0,0.0,0.0,0.0,0.0,0.0,0.0,0.0,0.0,0.0,0.0,0.0,0.0,0.0,0.0,0.0,0.0,0.0,0.0,0.0,0.0,0.0,0.0,0.0,0.0,0.0,0.0,0.0,0.0,0.0,0.0,0.0,0.0,0.0,0.0,0.0,0.0,0.0,0.0,0.0,0.0,0.0,0.0,0.0,0.0,0.0,0.0,0.0,0.0,0.0,0.0,0.0,0.0,0.0,0.0,0.0,0.0,0.0
gh,4.94119770864471e-05,0.0,0.0002351575192115721,0.0,0.0,5.625529551255342e-05,0.0005042596098264136,0.0008642228132673661,0.0,0.0,0.0007593914824315134,0.000258848030462984,0.00035525547953663123,0.0005944669635300536,0.0,0.0,0.0,0.0007545719973266657,0.0008706725966208339,0.000528044765943705,0.0008573577928616077,0.0,0.0004535482405097385,0.0008622455439941639,0.00016776550279190577,0.0,0.0,0.0009647940548534459,0.0,0.0002887805126164505,0.0,0.0,0.0004241960846309995,0.0,0.0009644126766339447,0.0004097852124657566,0.0,0.0008995636254266824,0.0,0.0003207581836278964,0.0,0.0005806599702364599,0.0,0.00028895468044754007,0.0006292303926234355,0.0,0.0,0.0006490893937903036,0.001329222719347306,0.0009824712386888403,0.0,0.0008719263720790688,0.0,0.00014761886626223024,0.0003134205561796778,0.0003406155208269325,0.0005570868126139973,0.00027553298093226797,0.0002430447403967224,0.00018116239211893014,0.0008023320959179715,0.0,0.00042216570372371527,0.0,0.0,0.0,0.0,9.25272581131884e-05,0.0005286066767350829,0.0,0.0006741215156951989,0.0,0.0008724936489727202,0.0,0.00017497446283162296,0.0,0.00043220069316291486,0.0004593334368810576,0.00040383490675182174,0.0006578424237940105,0.0006829479182960974,0.0,0.0015339700867331792,0.0004886908304218137,0.0009479502806494809,0.00028842075750151573,0.0,0.0,0.0,0.0,0.0003756408262396635,0.0008517489461577162,0.0,0.00032067684407753545,0.0,0.0,0.0009651151844037077,0.0011768929945407537,0.00037579096650770734,0.0,0.00039024352826079554,0.0004297037788918975,0.0,0.0006322808818156963,0.0006498992952427943,0.0005792568107584687,0.0,0.0007578449295018795,0.0,0.0,0.0003975956032275702,0.0,0.0,0.0,0.0006611356283019619,0.0001619114783571813,0.0,0.0006257232981743781,0.000634659468577071,0.0010188547600232033,0.0004992938755060498
ump,0.0,0.0,0.0,0.0,0.0,0.0,0.0,0.0,0.0,0.0,0.0,0.0,0.0,0.0,0.0,0.0,0.0,0.0,0.0,0.0,0.0,0.0,0.0,0.0,0.0,0.0,0.0,0.0,0.0,0.0,0.0,0.0,0.0,0.0,0.0,0.0,0.0,0.0,0.0,0.0,0.0,0.0,0.0,0.0,0.0,0.0,0.0,0.0,0.0,0.0,0.0,0.0,0.0,0.0,0.0,0.0,0.0,0.0,0.0,0.0,0.0,0.0,0.0,0.0,0.0,0.0,0.0,0.0,0.0,0.0,0.0,0.0,0.0,0.0,0.0,0.0,0.0,0.0,0.0,0.0,0.0,0.0,0.0,0.0,0.0,0.0,0.0,0.0,0.0,0.0,0.0,0.0,0.0,0.0,0.0,0.0,0.0,0.0,0.0,0.0,0.0,0.0,0.0,0.0,0.0,0.0,0.0,0.0,0.0,0.0,0.0,0.0,0.0,0.0,0.0,0.0,0.0,0.0,0.0,0.0,0.0
ser-L,0.0,0.0,0.0,0.02210152271205151,0.0,0.0,0.0,0.0,0.0,0.0,0.0,0.0,0.0,0.0,0.0,0.004150836310987118,0.0,0.0,0.0,0.0,0.0,0.0,0.0,0.0,0.0,0.0,0.0,0.0,0.0,0.0,0.0,0.006747512834729385,0.0,0.0,0.0,0.0,0.0,0.0,0.015270138476298533,0.0,0.0,0.0002081463156514658,0.0,0.0,0.0008851982125005551,0.0,0.0,0.0,0.0,0.0,0.0,0.0,0.0,0.0,0.0,0.0,0.0,0.0,0.0,0.0,0.0,0.0,0.0,0.0,0.0,0.005430748335967442,0.0,0.0,0.0,0.0,0.0,0.0,0.0,0.0,0.0,0.0,0.0,0.0,0.0,0.0,0.0,0.0,0.0,0.0,0.0,0.0,0.001128640197737817,0.0,0.0,0.01750275407413342,0.0,0.0,0.0,0.0,0.0,0.0,0.0,0.0,0.0,0.0,0.0,0.0,0.0,0.0,0.0006034274221399451,0.0,0.0,0.0,0.0,0.0,0.0,0.0,0.0,0.0,0.0,0.0,0.0,0.0,0.0,0.0,0.0
ala-L,0.0,0.06378259005686669,0.00013519635516234983,0.01867770828350341,0.0,0.00639496069541777,0.0035868034060109657,0.0,0.003385972564098121,0.0,0.004307761923267001,0.0,0.004537282167972312,0.0,0.0,0.0,0.0,0.0,0.0,0.005624997382681555,0.02052245780638963,0.019518189406970195,0.0,0.0009389743293552539,0.0,0.0,0.010531424863356911,0.003191663757889582,0.009741619099913376,0.002661158934006314,0.0,0.0,0.0,0.010668035798447354,0.014514742949997472,0.003703049362350725,0.007293771983238522,0.04821229755707658,0.020565940875573258,0.0,0.0,0.0,0.004327811583265341,0.0001933395379019714,0.0,0.022278010404174653,0.0,0.002557452882576926,0.036050501010535634,0.016949850657170796,0.029310334573692077,0.0,0.0033742086931809203,0.009369682245953576,0.001866681703971337,0.025599041527736108,0.0012313294064898175,0.0,0.0,0.0,0.025571740522505965,0.019238059986714958,0.0,0.0,0.017340903375741023,0.0027729034359685444,0.0054870522800072735,0.004512149917206771,0.012266251443464982,0.004782783589646751,0.0022919809892590725,0.0,0.0,0.010796103092389719,0.0,0.016848128853413687,0.00280233757854545,0.0,0.0,0.016977108621298486,0.0,0.0022390013081741147,0.024387749374106805,0.006588022485560347,0.013437946177285222,0.0,0.02321596172498427,0.013720381714806884,0.0038060014126954445,0.06262106598076342,0.013940661294267558,0.0035625598578654283,0.011816148030743583,0.0009747400988929558,0.0,0.0,0.00032524973107186104,0.010405775619223952,0.0,0.0,0.0014931293569259297,0.015297761389260438,0.0031350016070744286,0.0015926815069509145,2.5808285061902947e-05,0.004041622099357861,0.010752500191209336,0.0030844100772074215,0.00960990329996783,0.0,0.0,0.020368555849939664,0.0,0.0064736856509246075,0.02307289253169873,0.00801752446422037,0.021136693769544808,0.012166553077499408,0.0,0.0,0.0
nadph,0.0,0.0,0.0,0.0,0.0,0.0,0.0,0.0,0.0,0.006006284968648668,0.0,0.0,0.0,0.0,0.0,0.0,0.0,0.0,0.0,0.0,0.0,0.0,0.0,0.0,0.0,0.0,0.0037469627475377773,0.0,0.0,0.0,0.0,0.0,0.0,0.0,0.0,0.0,0.0,0.0,0.003786688944173741,0.0,0.0,0.0,0.0,0.0,0.0,0.0,0.0,0.0,0.0,0.0,0.0,0.0011580220362406631,0.0,0.0,0.0016585234812901413,0.0,0.0003686497835157945,0.00011477513704835456,0.0,0.0,0.0,0.0,0.0,0.0,0.0,0.0,0.0,0.0,0.0,0.0,0.0,0.0,0.0,0.0,0.0,0.0,0.0,0.0,0.0,0.0,0.0,0.0,0.0,0.0,0.0,0.0,0.000847591489190107,0.0,0.0007334677510520915,0.0,0.0,0.0,0.0,0.0,0.0,0.0,0.0,0.0,0.0,0.0,0.0,0.0,0.0,0.0,0.0,0.0,0.0,0.0,0.0,0.0,0.0,0.0,0.0,0.0,0.0,0.0,0.0,0.0,0.0,0.0,0.0006794686445829267
pail_hs,0.0,0.0,0.0,0.0,0.0,0.0,0.0,0.0,0.0,0.0,0.0,0.0,0.0,0.0,0.0,0.0,0.0,0.0,0.0,0.0,0.0,0.0,0.0,0.0,0.0,0.0,0.0,0.0,0.0,0.0,0.0,0.0,0.0,0.0,0.0,0.0,0.0,0.0,0.0,0.0,0.0,0.0,0.0,0.0,0.0,0.0,0.0,0.0,0.0,0.0,0.0,0.0,0.0,0.0,0.0,0.0,0.0,0.0,0.0,0.0,0.0,0.0,0.0,0.0,0.0,0.0,0.0,0.0,0.0,0.0,0.0,0.0,0.0,0.0,0.0,0.0,0.0,0.0,0.0,0.0,0.0,0.0,0.0,0.0,0.0,0.0,0.0,0.0,0.0,0.0,0.0,0.0,0.0,0.0,0.0,0.0,0.0,0.0,0.0,0.0,0.0,0.0,0.0,0.0,0.0,0.0,0.0,0.0,0.0,0.0,0.0,0.0,0.0,0.0,0.0,0.0,0.0,0.0,0.0,0.0,0.0
cys-L,0.013808398856622153,0.036835319464315265,0.010831941142859399,0.053865111457573896,0.016365671894279194,0.010776278056139088,0.011953026828343635,0.014096013403918755,0.027085770327107208,0.007453404033540017,0.025987096632100623,0.011313563330031126,0.00394281922739742,0.02256638875267044,0.03415041274891374,0.0,0.009104103324946738,0.012677767580661393,0.012067722715847365,0.018443695136225402,0.03088457074583145,0.03399927087159143,0.01938069463607359,0.01322181391111488,0.005321368265805975,0.005566251647155592,0.04141402099662569,0.01563653035021708,0.012461823124080531,0.010832692187522749,0.018519002646125767,0.0077733986775271316,0.012481282307252805,0.022931857165318127,0.02277519246130774,0.018073839318924624,0.03182696897140206,0.001576177607720884,0.0,0.012479255024019779,0.02919066726317,0.030073405359221574,0.020611162551046572,0.02448793962736826,0.015316278984610772,0.02219084387462708,0.007863402753896414,0.017952404080323572,0.025770418413194284,0.0344927474399907,0.006069727463140894,0.019391144394350013,0.0395777840034249,0.0,0.00722197900170453,0.0029374994425784657,0.011123059121821221,0.006014524585840966,0.010157110104947817,0.014820064873669834,0.03235308402682297,0.0,0.012022134191207392,0.02967704321478247,0.0,0.02100635298771256,0.03104740784319658,0.008989275780190011,0.019104030171155813,0.01622419908198676,0.011221720969186957,0.01618612543292357,0.01874640505962078,0.02484193217969548,0.015591911421266065,0.01820199438689509,0.01714749429026538,0.015253566971162502,0.009891529400333651,0.005376447499753842,0.013438484054576538,0.015760969562808227,0.0014368894056615321,0.01193773400199597,0.03498255108292034,0.014053293605786053,0.0007493486021181745,0.026858519416991043,0.006996296871895749,0.02307087150761747,0.015336819234775163,0.02570020585175705,0.024337348156547475,0.01204524946464408,0.01328678179021618,0.03828793701214029,0.016392086083135707,0.03670240568021285,0.0029180552310410683,0.01847620004943131,0.017322105342124538,0.03395444796507102,0.028047450341021875,0.015633044580219458,0.06452220886037038,0.023135200249409054,0.048369665009969615,0.02357084128217509,0.06081811751701686,0.017354191082088508,0.015647233127394914,0.0,0.013368890674746673,0.009904913914328524,0.029894895644514415,0.027738008571984028,0.018554709636428166,0.020527638206449376,0.014507174525319263,0.015098241874163162,0.011941345234782321
ile-L,0.0,0.0,5.298589728074054e-05,0.0,0.0,0.0,0.0,0.0,0.0,0.0,0.0,0.0,0.0,0.0,0.0,0.0,0.0,0.0,0.0,0.0,0.0,0.0,0.0,0.0,0.0,0.0,0.0,0.0,0.0,0.0,0.0,0.0,0.0,0.0,0.0,0.0,0.0,0.0,0.0,0.0,0.0,0.0,0.0,0.0,0.0,0.0,0.0,0.0,0.0,0.0,0.0,0.0,0.0,0.0,0.00020471160478434728,0.0,0.0,0.0,0.0,0.0,0.0,0.0,0.0,0.0,0.0,0.0,0.0,0.0,0.0,0.0,0.0,0.0,0.0,0.0,0.0,0.0,0.0,0.0,0.0,0.0,0.0,0.0,0.0,0.0,0.0,0.0,0.0,0.0,0.0,0.0,0.0,0.0,0.0,0.0,0.0,0.0,0.0,0.0,0.0,0.0,0.0,0.0,0.0,0.0,0.0,0.0,0.0,0.0,0.0,0.0,0.0,0.0,0.0,0.0,0.0,0.0,0.0,0.0,0.0,0.0,0.0
xolest_hs,0.0,0.0,0.0,0.0,0.0,0.0,0.0,0.0,0.0009386769910694809,0.0,0.0009664659030437138,0.0,0.0,0.0,0.0,0.0,0.0,0.0,0.0,0.0,0.0,0.0,0.0,0.0,0.0,0.0,0.0,0.0,0.0,0.0,0.0,0.0,0.0,0.0,0.0,0.0,0.0,0.0,0.0,0.0,0.0,0.0,0.0,0.0009769368193500844,0.0,0.0,0.0,0.0,7.108320209219661e-05,0.0,0.0,0.0014059161012887485,0.0013191697305892471,0.0,0.0,0.0,0.0,0.0,0.0,0.0,0.0004415573099203688,0.0015912865058549006,0.0,0.0,0.0,0.0,0.0,0.0,0.0010591632112766343,0.0,0.0,0.0,0.0,0.0,0.0,0.0,0.0,0.0009941736599627432,0.0,0.0,0.0,0.0,0.0,0.0,0.0,0.0010245025426158705,0.0,0.0,0.0,0.0,0.0,0.0,0.0005914769723650759,0.0,0.0,0.00038484014204273983,0.0,0.0,0.0,0.0,0.0,0.0,0.0,8.307923186190554e-06,0.0005397428353529387,0.0007230445758729572,0.0,0.0,0.0,0.0,0.0,0.00030991916023609547,0.0,0.0,0.0008688690354251062,0.0,0.0,0.0010602924202377695,0.0,0.0,0.0006610702613821622
lys-L,0.0,0.0,5.298589728074082e-05,0.0,0.0,0.0,0.0,0.0,0.0,0.0,0.0,0.0,0.0,0.0,0.0,0.0,0.0,0.0,0.0,0.0,0.0,0.0,0.0,0.0,0.0,0.0,0.0013905284442488437,0.0,0.0,0.0,0.0,0.0,0.0,0.0,0.0,0.0,0.0,0.0,0.0,0.0,0.0022946374951529546,0.0,0.0,0.0,0.0,0.0,0.0,0.0,0.0,0.0,0.0,0.0,0.0,0.0,0.0002047116047843494,0.0,0.0,0.0,0.0,0.0,0.0,0.0,0.0,0.0,0.0,0.0,0.0,3.0613004739763615e-05,0.0,0.0,0.0,0.0,0.0,0.0,0.0,0.0,0.0,0.0,0.00017382239633785196,0.0,0.0,0.0,0.0,0.0,0.0,0.0,0.0,0.0,0.0,0.0,0.0,0.0,0.0,0.0,0.0,0.0,0.0,0.0,0.0,0.0,0.0,0.0,0.0,0.0,0.0,0.0019171976378100013,0.0,0.0,0.0007441150096567018,0.0,0.0,0.0,0.0,0.0,0.0,0.0,0.0,0.0,0.0,0.0,0.0
amet,0.0,0.006579201473243149,0.0,0.0,0.0002530558105856114,0.0,0.0004152402688999735,0.0,0.0,0.0,0.0,0.00019908283380746397,0.0005494119252961581,0.0,0.0,0.0,0.0,0.0,0.0003693656988132868,0.0,0.0,0.0,0.0,0.0,0.0,0.0,0.0,0.0,0.0,0.0008511512429302411,0.0,0.0,0.0,0.0,0.0,0.0,0.0,0.0,0.0,0.00026396310391496136,0.0,0.0,0.0,0.0,0.0,0.006121326820456673,0.0020467725540702637,0.0,0.0,0.0,0.0,0.0,0.0,0.0,0.0006984914504068864,0.0,0.0008747807702834354,0.0013926906936677392,0.0,0.0,0.0,0.0,0.0,0.0,0.0,0.0,0.0,0.0004194183172983636,0.0,0.0,0.0,0.0,0.0,0.0,0.00022810734241002467,0.0019854149256625046,0.0,0.0,0.00031681800309972064,0.0,0.0,0.0,0.0,0.0,0.0,0.0,0.0,0.0,0.0011191138972329836,0.0,0.0,0.0,0.0,0.0007154699853436948,0.0013833459773330062,0.0,0.0,0.0,0.0,0.0,0.0,0.0,0.0,0.00045384233457170577,0.0,0.0,0.0,0.0,0.0,0.0,0.00013350385796112506,0.0,0.0,0.0007743730605200268,0.0,0.0,0.0,0.0,0.0,0.0,0.00034316119401470846
nmn,0.00767695190955706,0.008141876222564993,0.010151057450094772,0.027780807960406866,0.022370511488414655,0.01008568499972798,0.005045233567068588,0.013458576861673838,0.015957977926797717,0.006351753721826895,0.01704697547325916,0.0034278425082310093,0.01769119637761753,0.01888848673703673,0.014450577044370552,0.01567949068423871,0.014400691336117266,0.00790281152964129,0.007896507781200664,0.013009851755372042,0.016970259521925875,0.014548147596014971,0.0055112256911971,0.014029057515020718,0.001538189512674424,0.007050464632512642,0.01003667638521591,0.012981826579356152,0.005679417237467133,0.006149670939617368,0.021656096863284346,0.010033285305571639,0.01593082602500382,0.012510769220489758,0.027001580207708858,0.012229828321430557,0.013536028526375315,0.008651214872082922,0.015603903340996546,0.0108277705701423,0.012177464949935365,0.017899427089163967,0.009381474458576804,0.01682467362162563,0.02285349644438518,0.003180564692059843,0.0026056435223102237,0.013955153244243932,0.013513777061923369,0.0063543650692497846,0.0,0.011536747744256021,0.009513197013109426,0.009431561007403059,0.001535988914426591,0.016510838828944795,0.006025332552980853,0.009134454203069815,0.007031254379387476,0.016361885639885894,0.014820340976509807,0.0022684827203642284,0.0030582260326680708,0.012691026308342644,0.002019334461643175,0.01426843536470205,0.014326764593571458,0.005121381374125261,0.019145176163228233,0.021429747264279937,0.008326737919447338,0.017538148896294153,0.0067069449271232725,0.011244129242778596,0.011801275728304424,0.0030911405419408243,0.012804276063587942,0.02034168806566415,0.007749071718504229,0.010810844844665615,0.011767932563051515,0.015911536835655903,0.015880397109225706,0.00765447729708061,0.017296671534011345,0.018209602395252662,0.0,0.01182897710992864,0.0004744664622662788,0.008201885873310624,0.013891495769080952,0.010957418586668212,0.0118265133202009,0.005821787318163163,0.008142985867649121,0.010728323252086955,0.013870531745889716,0.011019580961174487,0.01366132264316035,0.01197778194587112,0.009477069566304636,0.010586207680793177,0.017269583457243002,0.0033814456442487558,0.009086453526311841,0.020158265624058466,0.012959833342629432,0.00930530647767131,0.024718124446696424,0.009339547456670455,0.008449777667052655,0.005884036346952234,0.01096315512378474,0.004251566700546579,0.010852480212120506,0.011187176991897897,0.006003283336919605,0.023167176028584653,0.016496506626258817,0.012871015525339268,0.004329896186702344
dcmp,0.0,0.0,0.0,0.0,0.0,0.0,0.0,0.0,0.0,0.0,0.0,0.0,0.0,0.0,0.0,0.0,0.0,0.0,0.0,0.0,0.0,0.0,0.0,0.0,0.0,0.0,0.0,0.0,0.0,0.0,0.0,0.0,0.0,0.0,0.0,0.0,0.0,0.0,0.0,0.0,0.0,0.0,0.0,0.0,0.0,0.0,0.0,0.0,0.0,0.0,0.0,0.0,0.0,0.0,0.0,0.0,0.0,0.0,0.0,0.0,0.0,0.0,0.0,0.0,0.0,0.0,0.0,0.0,0.0,0.0,0.0,0.0,0.0,0.0,0.0,0.0,0.0,0.0,0.0,0.0,0.0,0.0,0.0,0.0,0.0,0.0,0.0,0.0,0.0,0.0,0.0,0.0,0.0,0.0,0.0,0.0,0.0,0.0,0.0,0.0,0.0,0.0,0.0,0.0,0.0,0.0,0.0,0.0,0.0,0.0,0.0,0.0,0.0,0.0,0.0,0.0,0.0,0.0,0.0,0.0,0.0
ps_hs,0.0,0.0,0.0,0.0,0.0,0.0,0.0,0.0,0.0,0.0,0.0,0.0,0.0,0.0,0.0,0.0,0.0,0.0,0.0,0.0,0.0,0.0,0.0,0.0,0.0,0.0,0.0,0.0,0.0,0.0,0.0,0.0,0.0,0.0,0.0,0.0,0.0,0.0,0.0,0.0,0.0,0.0,0.0,0.0,0.0,0.0,0.0,0.0,0.0,0.0,0.0,0.0,0.0,0.0,0.0,0.0,0.0,0.0,0.0,0.0,0.0,0.0,0.0,0.0,0.0,0.0,0.0,0.0,0.0,0.0,0.0,0.0,0.0,0.0,0.0,0.0,0.0,0.0,0.0,0.0,0.0,0.0,0.0,0.0,0.0,0.0,0.0,0.0,0.0,0.0,0.0,0.0,0.0,0.0,0.0,0.0,0.0,0.0,0.0,0.0,0.0,0.0,0.0,0.0,0.0,0.0,0.0,0.0,0.0,0.0,0.0,0.0,0.0,0.0,0.0,0.0,0.0,0.0,0.0,0.0,0.0
gthox,0.0034353590592748587,0.004997205163717825,7.861446156328398e-05,0.0,0.001674369352830755,0.0014512883744427043,0.0003417099900171661,0.002887616945264866,0.0026815757802450997,0.0,0.0,0.0,0.0,0.004693631766508543,0.003172179692233043,0.0,0.0,0.002267816812593687,0.0,0.0042524852126343445,0.0,0.0,0.00329904693707881,0.0,0.0,0.0,0.006999498388440864,0.0,0.003095485416613089,0.00036889635727368656,0.0,0.0,0.004570977049927562,0.0,0.0,0.0,0.0,0.0,0.0,0.003034042192343718,0.0020068048474959584,0.0004526287573140634,0.003944601586495425,0.002788877789319956,0.0,0.0,0.0012243829199055287,0.0035842998891793473,0.0,0.0,0.0019144822194389717,0.0,0.0,0.00037025800193336795,0.0,0.0013979972288251353,0.0,0.0,0.0,0.004575312349317498,0.0032504292519121504,0.0,0.0,0.004591480313630682,0.0,0.0,0.0,0.0023377050002446396,0.0025017915818550725,0.0,0.003000254002366253,0.0,0.002136174050135001,0.0049606049800500086,0.003373310909494322,0.0,0.002591130263131834,0.0027187414399956933,0.0,0.0009659835530873509,0.0026665478599049324,0.0,0.001315205176501006,0.0007385544892887408,0.0,0.003678309359816129,0.0,0.0,0.0,0.0,0.0014443156607295154,0.0026396048848142217,0.00694554124223471,0.0002605788239240757,0.0,0.0,0.0034457909812840816,0.0,0.0,0.0,0.003763191573770431,0.0,0.0,0.0,0.0,0.0,0.0006966667994759494,0.004279497332165795,0.0018793880656057848,0.0,0.003854017295926806,0.009332606937078396,0.0,0.004109876306014079,0.0062350040347262815,0.003627387142348769,0.002912616826032095,0.0029407963896206407,0.0,0.0034212050234489234,0.0
clpn_hs,0.0,0.0,0.0,0.0,0.0,0.0,0.0,0.0,0.0,0.0,0.0,0.0,0.0,0.0,0.0,0.0,0.0,0.0,0.0,0.0,0.0,0.0,0.0,0.0,0.0,0.0,0.0,0.0,0.0,0.0,0.0,0.0,0.0,0.0,0.0,0.0,0.0,0.0,0.0,0.0,0.0,0.0,0.0,0.0,0.0,0.0,0.0,0.0,0.0,0.0,0.0,0.0,0.0,0.0,0.0,0.0,0.0,0.0,0.0,0.0,0.0,0.0,0.0,0.0,0.0,0.0,0.0,0.0,0.0,0.0,0.0,0.0,0.0,0.0,0.0,0.0,0.0,0.0,0.0,0.0,0.0,0.0,0.0,0.0,0.0,0.0,0.0,0.0,0.0,0.0,0.0,0.0,0.0,0.0,0.0,0.0,0.0,0.0,0.0,0.0,0.0,0.0,0.0,0.0,0.0,0.0,0.0,0.0,0.0,0.0,0.0,0.0,0.0,0.0,0.0,0.0,0.0,0.0,0.0,0.0,0.0
glu-L,0.0,0.0,0.0,0.0,0.0,0.0,0.0,0.0,0.0,0.0,0.0,0.0,0.010896963578002274,0.0,0.0,0.0,0.0,0.0,0.0,0.0,0.0,0.0,0.0,0.001355130428098431,0.0,0.0016508424015658598,0.004776703207292444,0.0,0.006336391384670633,0.0,0.0,0.0,0.0,0.0,0.0,0.0,0.0,0.022037636151395944,0.0129345253244677,0.0,0.0,0.0,0.0,0.0,0.0037377285578076083,0.0,0.0,0.0,0.0075072825051635496,0.0,0.0,0.0,0.005097709636427029,0.006948239820040699,0.0,0.014328959954057434,0.0,0.0006175602179316401,0.0,0.0,0.0,0.026960501329474574,0.0,0.0,0.0203838648096479,0.0,0.0,0.0,0.0,0.0032936971771015122,0.0,0.0,0.0,0.0,0.0,0.0,0.0,0.0,0.0005021568164458763,0.010727995571904167,0.0,0.0,0.01600517999158285,0.0017408939799353985,0.0,0.0,0.0,0.0,0.0,0.011804915614331144,0.0024083369719819993,0.0,0.0,0.0,0.0,0.0,0.0,0.0,0.0,0.0,0.0,0.0,0.0,0.0,0.004893233584753186,0.008533439266057877,0.0,0.0,0.006245926946497453,0.0,0.0,0.0,0.0,0.0,0.0,0.0,0.0,0.001732561865106407,0.0004042376737888356,0.0,0.0
mag_hs,0.0015619139284288879,0.0,0.0007600874634879941,0.0015576636801306264,0.0,0.0,0.0,0.0016888254587962715,0.0018676474744249408,0.0,0.0011369026543612206,0.0,0.0,0.00199038444763346,0.0,0.0019146129648412353,0.0,0.0020659754302816778,0.0,0.0017217495760547608,0.0,0.0,0.0014734695617091291,0.0,0.0,0.0,0.0,0.0,0.0,0.0,0.002693095653588414,0.0,0.001851601666658078,0.0,0.0,0.00473933649136837,0.0014509295726367723,0.0,0.0025156484361373013,0.0024979527935226524,0.0,0.001051220295831293,0.0012288651874032205,0.0013506181805506136,0.0016928918264482945,0.0,0.0,0.0020290475627411622,0.0,0.0,0.0,0.0,0.0,0.0,0.0,0.0,0.0,0.0012910918204430844,0.0,0.001931719006097049,0.0,0.0015714449974838166,0.0,0.0006113039471770572,0.0,0.0,0.0015171625080898973,0.0,0.0011243120690986289,0.010100280272796155,0.0020457432164817974,0.006039482590349102,0.0017828491162937697,0.0,0.0016638992361544499,0.0,0.0020043527432341388,0.0013295507581802895,0.0,0.0,0.0017711415130300266,0.006908851183975887,0.0,0.0,0.0,0.001435935835712633,0.0,0.0,0.0,0.0,0.0,0.00045988015957364116,0.0,0.0,0.0,0.0,0.0017986686469150877,0.000572725829756326,0.0,0.0026991361106161846,0.0008925002719191038,0.002134810122129915,0.0019520714608119941,0.0,0.0,0.0016261551369003923,0.0,0.000601092287026797,0.0,0.0058878455974824065,0.0015866286922020891,0.0,0.0,0.0,0.0,0.000423221103734049,0.0,0.0011802202176037085,0.0,0.001600585975828611,0.0
amp,0.0,0.0,0.0,0.0,0.0,0.0,0.0,0.0,0.0,0.0,0.0,0.0,0.0,0.0,0.0,0.0,0.0,0.0,0.0,0.0,0.0,0.005333833473257246,0.0,0.0,0.0,0.0,0.0,0.0,0.0,0.0,0.0,0.0,0.0,0.0010212808535836292,0.0,0.0,0.0029477974394041596,0.0,0.0,0.0,0.0,0.0,0.0,0.0,4.069151315856839e-05,0.0,0.0,0.0,0.0,0.0,0.0,0.0,0.0,0.0,0.0,0.0,0.0,0.0,0.0,0.0,0.0,0.0,0.0,0.0,0.0,0.0,0.0,0.001223633868264453,0.0,0.0,0.0,0.0,0.0,0.0,0.0,0.0,0.0,0.0,0.0,0.0,0.0,0.0,0.0,0.0,0.0,0.0,0.0,0.0,0.0,0.0,0.0,0.0,0.001297036481165601,0.0,0.0,0.0,0.0,0.0,0.0,0.0,0.0,0.0005583702900318081,0.0,0.0,0.0007982771892089684,0.0,0.004409943347311473,0.0,0.0,0.0,0.0,0.0,0.0,0.00022004789324673677,0.0,0.0016869728566412862,0.0,0.0,0.0,0.0,0.0
h2o,0.0,0.0,0.017727662463807945,0.019680251890804017,0.028985774558265166,0.019571705428046114,0.005051793434015399,0.0,0.008607097201370125,0.0,0.008058103302027152,0.004729008899635759,0.02098756327576548,0.0003377691641934931,0.00017856806992281294,0.03706654935053812,0.03227072065009815,0.0,0.009072311099711869,0.0,0.008682303257417527,0.0,0.0,0.022406134174870168,0.0026396169102257012,0.0322426294345609,0.094072116178899,0.016698667603662936,0.010363061637162666,0.00570686568113701,0.008749211682832604,0.02109203140076094,0.0,0.034558102744796364,0.046423877169498605,0.0,0.0,0.052444875440948654,0.012329463109366312,0.0,0.007325181006495233,0.03367058706124096,0.0,0.006744213507414099,0.03685139705687656,0.0,0.0,0.0,0.06393838526390082,0.0,0.0,0.022125034655017074,0.02169806405256526,0.00955693905026891,8.587921615213023e-05,0.01634501088376848,0.004208757741178547,0.015653092209064717,0.010802095890118553,0.0012509883212029151,0.0006419333951546004,0.0,0.005811174432402653,0.0,0.0,0.020571269168010886,0.0,0.013492580537757757,0.007396351308680304,0.026707237956189737,0.0,0.004181562046533315,0.0,0.0,0.0,0.0,0.0,0.005013851118292261,0.01028872139247583,0.005625868038223346,0.0,0.0,0.0122419647111079,0.014277506696956694,0.004457209896313305,0.005179874630241775,0.0,0.0,0.0,0.024770390264725967,0.015171705756101538,0.0,0.0028312263931978745,0.004472166932622912,0.012215532927472924,0.02262870330381895,0.0,0.00737390906103051,0.027327863406022487,0.0009715240402702488,0.0,0.0,0.0,0.0025710295529607304,0.023736092245316618,0.058034732491018676,0.0,0.0,0.07171930490341359,0.0,0.0,0.0,0.01663744663234562,0.01040982067205508,0.005639345890750273,0.0,0.0,0.008996262226628915,0.02940551911280828,0.0,0.006227863916157015
pchol_hs,0.0,0.0,0.0,0.0,0.0,0.0,0.0,0.0,0.0,0.0062688114151903986,0.0,0.0,0.0,0.0,0.0,0.0005857576926306285,0.0,0.0,0.0,0.0,0.0,0.0,0.0,0.0,0.0,0.0,0.0,0.0,0.0,0.0,0.0,0.0,0.0,0.0,0.0,0.0,0.0,0.0,0.000805412405091045,0.0,0.0,0.0,0.0,0.0,0.0,0.0,0.0,0.0,0.0,0.0,0.0,0.0,0.0,0.0,0.0,0.0,0.0,0.0,0.0,0.0,0.0,0.0,0.0,0.0,0.0,0.0,0.0,0.0,0.0,0.0,0.0,0.0,0.0,0.0,0.0,0.0,0.0,0.0,0.0,0.0,0.0,0.0,0.0,0.0,0.0,0.0,0.0026842785412552897,0.0,0.0,0.0,0.0,0.0,0.0,0.0,0.0,0.0,0.0,0.0012856876077540574,0.0,0.0,0.0,0.0,0.0,0.0,0.0,0.0,0.0,0.0,0.0,0.0,0.0,0.0,0.0,0.0,0.0,0.0,0.0,0.0,0.0,0.0,0.0
val-L,0.0,0.0,5.298589728074165e-05,0.0,0.0,0.0,0.0,0.0,0.0,0.0,0.0,0.0001592822917375171,0.0,0.0,0.0,0.0,0.0,0.0,0.0,0.0,0.0,0.0,0.0,0.0,0.0,0.0,0.0,0.0,0.0,0.0,0.0,0.0,0.0,0.0,0.0,0.0,0.0,0.0,0.0,0.0,0.0,0.0,0.0,0.0,0.0,0.0,0.0,0.0,0.0,0.0,0.0,0.0,0.0,0.0,0.0,0.0,0.0,0.0,0.0,0.0,0.0,0.0,0.0,0.0,0.0,0.0,0.0,0.0,0.0,0.0,0.0,0.0,0.0,0.0,0.0,0.0,0.0,0.0,0.0,0.0,0.0,0.0,0.0,0.0,0.0,0.0,0.0,0.0,0.0,0.0,0.0,0.0,0.0,0.0,0.0,0.0,0.0,0.0,0.0,0.0,0.0,0.0,0.0,0.0,0.0,0.0,0.0,0.0,0.0,0.0,0.0,0.0,0.0,0.0,0.0,0.0,0.0,0.0,0.0,0.0,0.0
dgmp,0.0005501552209769263,0.0,0.0,0.0,0.0,0.0,0.0,0.0,0.0,0.0,0.0,0.0,0.0,0.0,0.0,0.0,0.0,0.0,0.0,0.00013611022174853297,0.0,0.0,0.0,0.0,0.0,0.0,0.0,0.0,0.0,0.0,0.0,0.0,0.0,0.0,0.0,0.0,0.0,0.0,0.0,0.0,0.0,0.0,0.0003622106765473996,0.0,0.0,0.0,0.0,0.0,0.0,0.0,0.0,0.0,0.0,0.0,0.0,0.0,0.0,0.0,0.0,0.0,0.0,0.0,0.0,0.0,0.0,0.0,0.0,0.0,0.0,0.0,0.0,0.0,0.0,0.0,9.056047420924444e-05,0.0,0.0,0.0,0.0,0.0,0.0,0.0,0.0,0.0,0.0,0.0,0.0,0.0,0.0,0.0,0.0,0.0,0.0,0.0,0.0,0.0,0.0,0.0,0.0,0.0,0.0003969634206105274,0.0,0.0,0.0,0.0,0.0,0.0,0.0,0.0,0.0,0.0006548475913723577,0.0,0.0,0.0,0.0,0.0,0.0,0.0,0.0,0.0,0.0002130497466346032
atp,0.0,0.0,0.0,0.0,0.0,0.0,0.0,0.0,0.0,0.0,0.0,0.0,0.0,0.0,0.0,0.0,0.0,0.0,0.0,0.0,0.0,0.0,0.0,0.0,0.0,0.0,0.0,0.0,0.0,0.0,0.0,0.0,0.0,0.0,0.0,0.0,0.0,0.0,0.0,0.0,0.0,0.0,0.0,0.0,0.0,0.0,0.0,0.0,0.0,0.0,0.0,0.0,0.0,0.0,0.0,0.0,0.0,0.0,0.0,0.0,0.0,0.0,0.0,0.0,0.0,0.0,0.0,0.0008565876895488563,0.0,0.0,0.0,0.0,0.0,0.0,0.0,0.0,0.0,0.0,0.0,0.0,0.0,0.0,0.0,0.00025337470064711184,0.0,0.0,0.0,0.0,0.001060086492831771,0.0,0.0,0.0,0.0,0.0,0.0,0.002750128161095078,0.0,0.0,0.0,0.0,0.0,0.0,0.0,0.0,0.0,0.0,0.0,0.0,0.0,0.0,0.0,0.0,0.0,0.002714957172244283,0.0,0.0,0.0,0.0,0.0,0.0,0.0
asn-L,0.0,0.0,0.0,0.0,0.0076234230720664976,0.0,0.0,0.0,0.0,0.0071598473361307435,0.0,0.0005853702822847228,0.009214637294089553,0.0,0.006548606270745761,0.0,0.006385184630488644,0.0,0.0,0.0,0.0,0.0,0.0,0.0,0.0,0.0,0.0,0.0,0.0,0.0,0.0,0.0,0.0,0.0,0.0,0.0,0.0,0.0,0.003184276480516459,0.0,0.0,0.005190610264604946,0.0,0.0,0.006590850033068366,0.0,0.0,0.0,0.0,0.0,0.0,0.0,0.004697760123854062,0.003784017636952921,0.0,0.006699591889705731,0.0,0.00031999151477640444,0.0,0.0,0.0,0.0,0.0,0.0,0.0,0.0,0.0,0.0011575655710668214,0.0,0.0,0.0,0.0,0.0,0.0,0.0,0.0,0.0,0.0,0.0,0.0035073089293908796,0.0,0.0,0.0044440673716304455,0.0,0.0,0.0,0.0,0.0,0.0,0.005520180505025941,0.0,0.0,0.0,0.0,0.0,0.011349483431490764,0.0,0.0,0.0034445576176762027,0.0,0.0,0.0,0.0,0.0,0.001608851902956895,0.0,0.0,0.0,0.0,0.0,0.0,0.0,0.007880476608263083,0.0005070160940605993,0.0,0.0,0.0,0.0,0.00348595427120536,0.0,0.0
gln-L,0.0,0.0,0.0,0.0,0.0,0.0,0.0,0.0030148203864574998,0.010184878501570632,0.0,0.010994473888117471,0.0,0.0,0.0,0.0,0.0,0.0,0.002217059920899033,0.0,0.0,0.0,0.0,0.0,0.0,0.0,0.0,0.0,0.0,0.0,0.0,0.010973013204168509,0.0,0.0032920471569857675,0.0,0.0,0.0,0.0,0.0,0.0,0.0014632688560960166,0.0,0.0,0.0,0.009545839123562393,0.0,0.0,0.0,0.0,0.0,0.0,0.0,0.0,0.0,0.0,0.0,0.0,0.0,0.0007499709124640642,0.0,0.0038943834096815287,0.0,0.0,0.0,0.0,0.0,0.0,0.0,0.0,0.011311651046062035,0.0028373411969526345,0.0002757249053348456,0.011022796113118804,0.0036572463023565316,0.0,0.0,0.0,0.0015154882843447252,0.006850466714756517,0.0,0.0,0.0034189001612381456,0.0067405786974321065,0.0,0.0,0.0,0.007072798378027675,0.0,0.0,0.0,0.0,0.0,0.0,0.0,0.0,0.0,0.0,0.00011840407313392039,0.0,0.005068054580910024,0.006743587089845812,0.0,0.0,0.01078386854367729,0.0,0.0,0.0,0.0,0.0,0.0,0.0,0.0,0.009812264962229911,0.0,0.0,0.0,0.0,0.0,0.005667962455016792,0.0,0.0014726416780938307,0.0
met-L,0.0,0.0,0.0,0.0,0.0,0.0,0.0,0.0,0.0,0.001030969740224953,0.0,0.0,0.0,0.0,0.0,0.0,0.0,0.0,0.0,0.0,0.0,0.0,0.0,0.0,0.0,0.0,0.0,0.0,0.0,0.0,0.0,0.0,0.0,0.0,0.0,0.0,0.0,0.0,0.0016064667176596684,0.0,0.0,0.0,0.0,0.0,0.0,0.0,0.0,0.0,0.0,0.0,0.0,0.0,0.0,0.0,0.0,0.00046525814889768294,0.0,0.0,0.0,0.0,0.0,0.0,0.0,0.0,0.0,0.0,0.0,0.0,0.0,0.0,0.0,0.0,0.0,0.0,0.0,0.0,0.0,0.0,0.0,0.0006672998888578825,0.0,0.0,0.0008149350432535035,0.0,0.0,0.0,0.0,0.0,0.0,0.0,0.0,0.0,0.0,0.0,0.0,0.0,0.0,0.0,0.0,0.0,0.0,0.0,0.0,0.0,0.0,0.0,0.0,0.0,0.0,0.0,0.0,0.0,0.0,0.0,0.0,0.0,0.0,0.0,0.0,0.0,0.0
tyr-L,0.01213933118643655,0.0,0.024671895141839456,0.07378582699405671,0.035863156791410535,0.026013270590385554,0.00446602782030438,0.0295373224279172,0.06988120539483646,0.016987128351471693,0.07248009737360779,0.0034201243200153906,0.046616478451457395,0.04684170796713613,0.015700433964369178,0.04234136513103714,0.0322091094087806,0.01690458133595808,0.011336553342622508,0.02450756790773284,0.05307681153302254,0.03364816185427775,0.01707621062356778,0.03441953435055604,0.003248857229475836,0.01056481315579598,0.04195793550162035,0.028750948983540532,0.012645199389448296,0.005367459572426771,0.06317985457474341,0.009554169227372481,0.03468798665716272,0.04599965467812874,0.0777739857172629,0.026023937754378876,0.03195156425077002,0.018763602864038668,0.05997388563932713,0.014821966673096534,0.020789178030461174,0.03967364957570905,0.02535826458796356,0.05628352833695668,0.07311691867032258,0.0,0.0,0.03016309894540869,0.0282008811246846,0.02903216486186421,0.00924425308566674,0.018383819508600407,0.029874021847372662,0.02924390469883675,0.00096759360235279,0.0507537199014402,0.003176278141713331,0.01951961980877489,0.013585639868542937,0.03415207056855298,0.0393228936325159,0.030972840426699053,0.003497470208598099,0.02633932325029212,0.025660100291172824,0.02984214066830934,0.03722000678720349,0.0061472127021789304,0.07036538083284664,0.0737593842574895,0.02409077141377148,0.056815869017444696,0.02243255175838486,0.02240799707937675,0.01691012139283386,0.0,0.030830438039711455,0.0476356329484543,0.0127073845216642,0.031237667945526626,0.025643276138345893,0.04093277642134343,0.04681242302326691,0.02067233750888768,0.047871619083374166,0.04644684837067199,0.0038062777926104268,0.039597728826229785,0.0,0.0,0.024447155601970274,0.02028623686666271,0.02553222985627032,0.0033897270147453676,0.013076578334451288,0.025980141618952124,0.04111754608786537,0.04346168774321675,0.03299324576331917,0.043454900469883075,0.0188926597815105,0.03400593696471323,0.054753025538786686,0.0029921416328942034,0.0499724326101761,0.04157895387109559,0.04869741677296719,0.02004555514848961,0.04409918736396039,0.011926521178929478,0.014900344932209592,0.018813529901351222,0.02526922539673164,0.002838546729717964,0.031822743989149936,0.031800003079374216,0.0,0.06369637810530877,0.04899030995352205,0.03083785113609103,0.003508913916702054
asp-L,0.0,0.0,0.0,0.0,0.0,0.0,0.0,0.0,0.0,0.0,0.0,0.0,0.0,0.0,0.0,0.0,0.0,0.0,0.0,0.0,0.0,0.0,0.0,0.0,0.0,0.0,0.0,0.0,0.0,0.0,0.0,0.0,0.0,0.0,0.0,0.0,0.0,0.0,0.009889395542643866,0.0,0.0,0.0,0.0,0.0,0.0,0.0,0.0,0.0,0.0,0.0,0.0,0.0,0.0,0.0,0.0,0.0,0.0,0.0,0.0,0.0,0.0,0.0,0.0,0.0,0.0,0.0,0.0,0.0,0.0,0.0,0.0,0.0,0.0,0.0,0.0,0.0,0.0,0.0,0.0,0.0,0.0,0.0,0.0,0.0,0.0,0.0,0.0,0.0,0.0,0.0,0.0,0.0,0.0,0.0,0.0,0.0,0.0,0.0,0.0,0.0,0.0,0.0,0.0,0.0,0.0,0.0,0.0,0.0,0.0,0.0,0.0,0.0,0.0,0.0,0.0,0.0,0.0,0.0,0.0,0.0,0.0
