gene,transition,exp_cell,ref_mean,ref_std,exp_expr,v
AADAC,scEmbryo_sc1C2C,2cell_embryo1_1_split1,36.03846153846154,16.93630601809207,15.0,-1.2422107581185282
AADAC,scEmbryo_sc1C2C,2cell_embryo1_1_split2,36.03846153846154,16.93630601809207,8.0,-1.6555240268161007
AADAC,scEmbryo_sc1C2C,2cell_embryo1_2_split1,36.03846153846154,16.93630601809207,1.0,-2.068837295513673
AADAC,scEmbryo_sc1C2C,2cell_embryo1_2_split2,36.03846153846154,16.93630601809207,18.0,-1.0650765001052829
AADAC,scEmbryo_sc1C2C,2cell_embryo2_1_split1,36.03846153846154,16.93630601809207,13.0,-1.3603002634606918
AADAC,scEmbryo_sc1C2C,2cell_embryo2_1_split2,36.03846153846154,16.93630601809207,2.0,-2.0097925428425913
AADAC,scEmbryo_sc1C2C,2cell_embryo2_2_split1,36.03846153846154,16.93630601809207,2.0,-2.0097925428425913
AADAC,scEmbryo_sc1C2C,2cell_embryo2_2_split2,36.03846153846154,16.93630601809207,11.0,-1.4783897688028553
AADAC,scEmbryo_sc1C2C,2cell_embryo3_1_split1,36.03846153846154,16.93630601809207,12.0,-1.4193450161317736
AADAC,scEmbryo_sc1C2C,2cell_embryo3_1_split2,36.03846153846154,16.93630601809207,7.0,-1.7145687794871824
AADAC,scEmbryo_sc1C2C,2cell_embryo3_2_split1,36.03846153846154,16.93630601809207,0.0,nan
AADAC,scEmbryo_sc1C2C,2cell_embryo3_2_split2,36.03846153846154,16.93630601809207,7.0,-1.7145687794871824
AADAC,scEmbryo_sc1C2C,2cell_embryo4_1_split1,36.03846153846154,16.93630601809207,0.0,nan
AADAC,scEmbryo_sc1C2C,2cell_embryo4_1_split2,36.03846153846154,16.93630601809207,3.0,-1.9507477901715096
AADAC,scEmbryo_sc1C2C,2cell_embryo4_2_split1,36.03846153846154,16.93630601809207,9.0,-1.596479274145019
AADAC,scEmbryo_sc1C2C,2cell_embryo4_2_split2,36.03846153846154,16.93630601809207,0.0,nan
AADAC,scEmbryo_sc1C2C,2cell_embryo5_1_split1,36.03846153846154,16.93630601809207,1.0,-2.068837295513673
AADAC,scEmbryo_sc1C2C,2cell_embryo5_1_split2,36.03846153846154,16.93630601809207,0.0,nan
AADAC,scEmbryo_sc1C2C,2cell_embryo5_2_split1,36.03846153846154,16.93630601809207,5.0,-1.832658284829346
AADAC,scEmbryo_sc1C2C,2cell_embryo5_2_split2,36.03846153846154,16.93630601809207,23.0,-0.769852736749874
AADAC,scEmbryo_sc1C2C,2cell_embryo6_1_split1,36.03846153846154,16.93630601809207,0.0,nan
AADAC,scEmbryo_sc1C2C,2cell_embryo6_1_split2,36.03846153846154,16.93630601809207,1.0,-2.068837295513673
AADAC,scEmbryo_sc1C2C,2cell_embryo6_2_split1,36.03846153846154,16.93630601809207,0.0,nan
AADAC,scEmbryo_sc1C2C,2cell_embryo6_2_split2,36.03846153846154,16.93630601809207,6.0,-1.7736135321582642
AADAC,scEmbryo_sc1C2C,2cell_embryo7_1_split1,36.03846153846154,16.93630601809207,0.0,nan
AADAC,scEmbryo_sc1C2C,2cell_embryo7_1_split2,36.03846153846154,16.93630601809207,8.0,-1.6555240268161007
AADAC,scEmbryo_sc1C2C,2cell_embryo7_2_split1,36.03846153846154,16.93630601809207,1.0,-2.068837295513673
AADAC,scEmbryo_sc1C2C,2cell_embryo7_2_split2,36.03846153846154,16.93630601809207,0.0,nan
AADAC,scEmbryo_sc1C2C,2cell_embryo8_1_split1,36.03846153846154,16.93630601809207,0.0,nan
AADAC,scEmbryo_sc1C2C,2cell_embryo8_1_split2,36.03846153846154,16.93630601809207,0.0,nan
AADAC,scEmbryo_sc1C2C,2cell_embryo8_2_split1,36.03846153846154,16.93630601809207,0.0,nan
AADAC,scEmbryo_sc1C2C,2cell_embryo8_2_split2,36.03846153846154,16.93630601809207,5.0,-1.832658284829346
AADAC,scEmbryo_sc1C2C,2cell_embryo9_1_split1,36.03846153846154,16.93630601809207,2.0,-2.0097925428425913
AADAC,scEmbryo_sc1C2C,2cell_embryo9_1_split2,36.03846153846154,16.93630601809207,0.0,nan
AADAC,scEmbryo_sc1C2C,2cell_embryo9_2_split1,36.03846153846154,16.93630601809207,0.0,nan
AADAC,scEmbryo_sc1C2C,2cell_embryo9_2_split2,36.03846153846154,16.93630601809207,1.0,-2.068837295513673
AADAC,scEmbryo_sc1C2C,2cell_embryo10_1_split1,36.03846153846154,16.93630601809207,4.0,-1.8917030375004278
AADAC,scEmbryo_sc1C2C,2cell_embryo10_1_split2,36.03846153846154,16.93630601809207,0.0,nan
AADAC,scEmbryo_sc1C2C,2cell_embryo10_2_split1,36.03846153846154,16.93630601809207,0.0,nan
AADAC,scEmbryo_sc1C2C,2cell_embryo10_2_split2,36.03846153846154,16.93630601809207,3.0,-1.9507477901715096
AADAC,scEmbryo_sc1C2C,2cell_embryo11_1_split1,36.03846153846154,16.93630601809207,3.0,-1.9507477901715096
AADAC,scEmbryo_sc1C2C,2cell_embryo11_1_split2,36.03846153846154,16.93630601809207,3.0,-1.9507477901715096
AADAC,scEmbryo_sc1C2C,2cell_embryo11_2_split1,36.03846153846154,16.93630601809207,5.0,-1.832658284829346
AADAC,scEmbryo_sc1C2C,2cell_embryo11_2_split2,36.03846153846154,16.93630601809207,0.0,nan
AADAC,scEmbryo_sc1C2C,2cell_embryo12_1_split1,36.03846153846154,16.93630601809207,5.0,-1.832658284829346
AADAC,scEmbryo_sc1C2C,2cell_embryo12_1_split2,36.03846153846154,16.93630601809207,9.0,-1.596479274145019
AADAC,scEmbryo_sc1C2C,2cell_embryo12_2_split1,36.03846153846154,16.93630601809207,8.0,-1.6555240268161007
AADAC,scEmbryo_sc1C2C,2cell_embryo12_2_split2,36.03846153846154,16.93630601809207,2.0,-2.0097925428425913
AADAC,scEmbryo_sc2CBC,32cell_embryo1_1_split1,4.229166666666667,5.288444179905053,0.0,nan
AADAC,scEmbryo_sc2CBC,32cell_embryo1_1_split2,4.229166666666667,5.288444179905053,0.0,nan
AADAC,scEmbryo_sc2CBC,32cell_embryo1_2_split1,4.229166666666667,5.288444179905053,0.0,nan
AADAC,scEmbryo_sc2CBC,32cell_embryo1_2_split2,4.229166666666667,5.288444179905053,0.0,nan
AADAC,scEmbryo_sc2CBC,32cell_embryo1_3_split1,4.229166666666667,5.288444179905053,0.0,nan
AADAC,scEmbryo_sc2CBC,32cell_embryo1_3_split2,4.229166666666667,5.288444179905053,0.0,nan
AADAC,scEmbryo_sc2CBC,32cell_embryo1_4_split1,4.229166666666667,5.288444179905053,0.0,nan
AADAC,scEmbryo_sc2CBC,32cell_embryo1_4_split2,4.229166666666667,5.288444179905053,0.0,nan
AADAC,scEmbryo_sc2CBC,32cell_embryo1_5_split1,4.229166666666667,5.288444179905053,0.0,nan
AADAC,scEmbryo_sc2CBC,32cell_embryo1_5_split2,4.229166666666667,5.288444179905053,0.0,nan
AADAC,scEmbryo_sc2CBC,32cell_embryo1_6_split1,4.229166666666667,5.288444179905053,0.0,nan
AADAC,scEmbryo_sc2CBC,32cell_embryo1_6_split2,4.229166666666667,5.288444179905053,0.0,nan
AADAC,scEmbryo_sc2CBC,32cell_embryo1_7_split1,4.229166666666667,5.288444179905053,0.0,nan
AADAC,scEmbryo_sc2CBC,32cell_embryo1_7_split2,4.229166666666667,5.288444179905053,0.0,nan
AADAC,scEmbryo_sc2CBC,32cell_embryo1_8_split1,4.229166666666667,5.288444179905053,0.0,nan
AADAC,scEmbryo_sc2CBC,32cell_embryo1_8_split2,4.229166666666667,5.288444179905053,1.0,-0.6106080648325275
AADAC,scEmbryo_sc2CBC,32cell_embryo2_1_split1,4.229166666666667,5.288444179905053,0.0,nan
AADAC,scEmbryo_sc2CBC,32cell_embryo2_1_split2,4.229166666666667,5.288444179905053,0.0,nan
AADAC,scEmbryo_sc2CBC,32cell_embryo2_4_split1,4.229166666666667,5.288444179905053,0.0,nan
AADAC,scEmbryo_sc2CBC,32cell_embryo2_4_split2,4.229166666666667,5.288444179905053,0.0,nan
AADAC,scEmbryo_sc2CBC,32cell_embryo2_5_split1,4.229166666666667,5.288444179905053,0.0,nan
AADAC,scEmbryo_sc2CBC,32cell_embryo2_5_split2,4.229166666666667,5.288444179905053,0.0,nan
AADAC,scEmbryo_sc2CBC,32cell_embryo2_7_split1,4.229166666666667,5.288444179905053,0.0,nan
AADAC,scEmbryo_sc2CBC,32cell_embryo2_7_split2,4.229166666666667,5.288444179905053,0.0,nan
AADAC,scEmbryo_sc2CBC,32cell_embryo2_8_split1,4.229166666666667,5.288444179905053,0.0,nan
AADAC,scEmbryo_sc2CBC,32cell_embryo2_8_split2,4.229166666666667,5.288444179905053,0.0,nan
AADAC,scEmbryo_sc2CBC,32cell_embryo2_9_split1,4.229166666666667,5.288444179905053,0.0,nan
AADAC,scEmbryo_sc2CBC,32cell_embryo2_9_split2,4.229166666666667,5.288444179905053,0.0,nan
AADAC,scEmbryo_sc2CBC,32cell_embryo2_10_split1,4.229166666666667,5.288444179905053,0.0,nan
AADAC,scEmbryo_sc2CBC,32cell_embryo2_10_split2,4.229166666666667,5.288444179905053,0.0,nan
AADAC,scEmbryo_sc2CBC,32cell_embryo3_2_split2,4.229166666666667,5.288444179905053,0.0,nan
AADAC,scEmbryo_sc2CBC,32cell_embryo3_4_split1,4.229166666666667,5.288444179905053,0.0,nan
AADAC,scEmbryo_sc2CBC,32cell_embryo3_4_split2,4.229166666666667,5.288444179905053,0.0,nan
AADAC,scEmbryo_sc2CBC,32cell_embryo4_1,4.229166666666667,5.288444179905053,0.0,nan
AADAC,scEmbryo_sc2CBC,32cell_embryo4_2,4.229166666666667,5.288444179905053,0.0,nan
AADAC,scEmbryo_sc2CBC,32cell_embryo4_3,4.229166666666667,5.288444179905053,0.0,nan
AADAC,scEmbryo_sc2CBC,32cell_embryo4_4,4.229166666666667,5.288444179905053,0.0,nan
AADAC,scEmbryo_sc2CBC,32cell_embryo4_5,4.229166666666667,5.288444179905053,0.0,nan
AADAC,scEmbryo_sc2CBC,32cell_embryo5_3,4.229166666666667,5.288444179905053,0.0,nan
AADAC,scEmbryo_sc2CBC,32cell_embryo5_4,4.229166666666667,5.288444179905053,0.0,nan
AADAC,scEmbryo_sc2CBC,32cell_embryo5_5,4.229166666666667,5.288444179905053,0.0,nan
AADAC,scEmbryo_sc2CBC,32cell_embryo6_1,4.229166666666667,5.288444179905053,0.0,nan
AADAC,scEmbryo_sc2CBC,32cell_embryo6_2,4.229166666666667,5.288444179905053,0.0,nan
AADAC,scEmbryo_sc2CBC,32cell_embryo6_3,4.229166666666667,5.288444179905053,0.0,nan
AADAC,scEmbryo_sc2CBC,32cell_embryo6_4,4.229166666666667,5.288444179905053,0.0,nan
AADAC,scEmbryo_sc2CBC,32cell_embryo6_5,4.229166666666667,5.288444179905053,0.0,nan
AADAC,scEmbryo_sc2CBC,32cell_embryo6_6,4.229166666666667,5.288444179905053,0.0,nan
AADAC,scEmbryo_sc2CBC,32cell_embryo6_7,4.229166666666667,5.288444179905053,0.0,nan
AADAC,scEmbryo_sc2CBC,32cell_embryo6_8,4.229166666666667,5.288444179905053,0.0,nan
AADAC,scEmbryo_sc2CBC,32cell_embryoMixed_1,4.229166666666667,5.288444179905053,0.0,nan
AADAC,scEmbryo_sc2CBC,32cell_embryoMixed_2,4.229166666666667,5.288444179905053,0.0,nan
AADAC,scEmbryo_sc2CBC,32cell_embryoMixed_3,4.229166666666667,5.288444179905053,0.0,nan
AADAC,scEmbryo_sc2CBC,32cell_embryoMixed_4,4.229166666666667,5.288444179905053,0.0,nan
AADAC,scEmbryo_sc2CBC,32cell_embryoMixed_5,4.229166666666667,5.288444179905053,0.0,nan
AADAC,scEmbryo_sc2CBC,32cell_embryoMixed_6,4.229166666666667,5.288444179905053,0.0,nan
AADAC,scEmbryo_sc2CBC,32cell_embryoMixed_7,4.229166666666667,5.288444179905053,0.0,nan
AADAC,scEmbryo_sc2CBC,32cell_embryoMixed_8,4.229166666666667,5.288444179905053,0.0,nan
AADAC,scEmbryo_sc2CBC,32cell_embryoMixed_9,4.229166666666667,5.288444179905053,0.0,nan
AADAC,scEmbryo_sc2CBC,32cell_embryoMixed_10,4.229166666666667,5.288444179905053,0.0,nan
AADAC,scEmbryo_sc2CBC,32cell_embryoMixed_11,4.229166666666667,5.288444179905053,0.0,nan
AADAC,scEmbryo_sc2CBC,32cell_embryoMixed_12,4.229166666666667,5.288444179905053,0.0,nan
AADAC,scEmbryo_sc2CBC,32cell_embryoMixed_13,4.229166666666667,5.288444179905053,0.0,nan
AADAC,scEmbryo_sc2CBC,32cell_embryoMixed_14,4.229166666666667,5.288444179905053,0.0,nan
AADAC,scEmbryo_sc2CBC,32cell_embryoMixed_15,4.229166666666667,5.288444179905053,0.0,nan
AADAC,scEmbryo_sc2CBC,32cell_embryoMixed_16,4.229166666666667,5.288444179905053,0.0,nan
AADAC,scEmbryo_sc2CBC,32cell_embryoMixed_17,4.229166666666667,5.288444179905053,0.0,nan
AADAC,scEmbryo_sc2CBC,32cell_embryoMixed_18,4.229166666666667,5.288444179905053,0.0,nan
AADAC,scEmbryo_sc2CBC,32cell_embryoMixed_19,4.229166666666667,5.288444179905053,0.0,nan
AADAC,scEmbryo_sc2CBC,32cell_embryoMixed_20,4.229166666666667,5.288444179905053,0.0,nan
AADAC,scEmbryo_sc2CBC,32cell_embryoMixed_21,4.229166666666667,5.288444179905053,0.0,nan
AADAC,scEmbryo_sc2CBC,32cell_embryoMixed_22,4.229166666666667,5.288444179905053,0.0,nan
AADAC,scEmbryo_sc2CBC,32cell_embryoMixed_23,4.229166666666667,5.288444179905053,0.0,nan
AADAC,scEmbryo_sc2CBC,32cell_embryoMixed_24,4.229166666666667,5.288444179905053,0.0,nan
AADAT,scEmbryo_sc1C2C,2cell_embryo1_1_split1,3.076923076923077,3.0189147311320594,2.0,-0.3567252383174277
AADAT,scEmbryo_sc1C2C,2cell_embryo1_1_split2,3.076923076923077,3.0189147311320594,0.0,nan
AADAT,scEmbryo_sc1C2C,2cell_embryo1_2_split1,3.076923076923077,3.0189147311320594,2.0,-0.3567252383174277
AADAT,scEmbryo_sc1C2C,2cell_embryo1_2_split2,3.076923076923077,3.0189147311320594,2.0,-0.3567252383174277
AADAT,scEmbryo_sc1C2C,2cell_embryo2_1_split1,3.076923076923077,3.0189147311320594,10.0,2.293233674897749
AADAT,scEmbryo_sc1C2C,2cell_embryo2_1_split2,3.076923076923077,3.0189147311320594,1.0,-0.6879701024693248
AADAT,scEmbryo_sc1C2C,2cell_embryo2_2_split1,3.076923076923077,3.0189147311320594,0.0,nan
AADAT,scEmbryo_sc1C2C,2cell_embryo2_2_split2,3.076923076923077,3.0189147311320594,6.0,0.9682542182901607
AADAT,scEmbryo_sc1C2C,2cell_embryo3_1_split1,3.076923076923077,3.0189147311320594,0.0,nan
AADAT,scEmbryo_sc1C2C,2cell_embryo3_1_split2,3.076923076923077,3.0189147311320594,0.0,nan
AADAT,scEmbryo_sc1C2C,2cell_embryo3_2_split1,3.076923076923077,3.0189147311320594,0.0,nan
AADAT,scEmbryo_sc1C2C,2cell_embryo3_2_split2,3.076923076923077,3.0189147311320594,0.0,nan
AADAT,scEmbryo_sc1C2C,2cell_embryo4_1_split1,3.076923076923077,3.0189147311320594,1.0,-0.6879701024693248
AADAT,scEmbryo_sc1C2C,2cell_embryo4_1_split2,3.076923076923077,3.0189147311320594,0.0,nan
AADAT,scEmbryo_sc1C2C,2cell_embryo4_2_split1,3.076923076923077,3.0189147311320594,0.0,nan
AADAT,scEmbryo_sc1C2C,2cell_embryo4_2_split2,3.076923076923077,3.0189147311320594,0.0,nan
AADAT,scEmbryo_sc1C2C,2cell_embryo5_1_split1,3.076923076923077,3.0189147311320594,4.0,0.3057644899863665
AADAT,scEmbryo_sc1C2C,2cell_embryo5_1_split2,3.076923076923077,3.0189147311320594,0.0,nan
AADAT,scEmbryo_sc1C2C,2cell_embryo5_2_split1,3.076923076923077,3.0189147311320594,0.0,nan
AADAT,scEmbryo_sc1C2C,2cell_embryo5_2_split2,3.076923076923077,3.0189147311320594,4.0,0.3057644899863665
AADAT,scEmbryo_sc1C2C,2cell_embryo6_1_split1,3.076923076923077,3.0189147311320594,0.0,nan
AADAT,scEmbryo_sc1C2C,2cell_embryo6_1_split2,3.076923076923077,3.0189147311320594,0.0,nan
AADAT,scEmbryo_sc1C2C,2cell_embryo6_2_split1,3.076923076923077,3.0189147311320594,0.0,nan
AADAT,scEmbryo_sc1C2C,2cell_embryo6_2_split2,3.076923076923077,3.0189147311320594,0.0,nan
AADAT,scEmbryo_sc1C2C,2cell_embryo7_1_split1,3.076923076923077,3.0189147311320594,0.0,nan
AADAT,scEmbryo_sc1C2C,2cell_embryo7_1_split2,3.076923076923077,3.0189147311320594,1.0,-0.6879701024693248
AADAT,scEmbryo_sc1C2C,2cell_embryo7_2_split1,3.076923076923077,3.0189147311320594,7.0,1.2994990824420578
AADAT,scEmbryo_sc1C2C,2cell_embryo7_2_split2,3.076923076923077,3.0189147311320594,0.0,nan
AADAT,scEmbryo_sc1C2C,2cell_embryo8_1_split1,3.076923076923077,3.0189147311320594,1.0,-0.6879701024693248
AADAT,scEmbryo_sc1C2C,2cell_embryo8_1_split2,3.076923076923077,3.0189147311320594,4.0,0.3057644899863665
AADAT,scEmbryo_sc1C2C,2cell_embryo8_2_split1,3.076923076923077,3.0189147311320594,3.0,-0.025480374165530603
AADAT,scEmbryo_sc1C2C,2cell_embryo8_2_split2,3.076923076923077,3.0189147311320594,0.0,nan
AADAT,scEmbryo_sc1C2C,2cell_embryo9_1_split1,3.076923076923077,3.0189147311320594,0.0,nan
AADAT,scEmbryo_sc1C2C,2cell_embryo9_1_split2,3.076923076923077,3.0189147311320594,4.0,0.3057644899863665
AADAT,scEmbryo_sc1C2C,2cell_embryo9_2_split1,3.076923076923077,3.0189147311320594,0.0,nan
AADAT,scEmbryo_sc1C2C,2cell_embryo9_2_split2,3.076923076923077,3.0189147311320594,0.0,nan
AADAT,scEmbryo_sc1C2C,2cell_embryo10_1_split1,3.076923076923077,3.0189147311320594,0.0,nan
AADAT,scEmbryo_sc1C2C,2cell_embryo10_1_split2,3.076923076923077,3.0189147311320594,0.0,nan
AADAT,scEmbryo_sc1C2C,2cell_embryo10_2_split1,3.076923076923077,3.0189147311320594,0.0,nan
AADAT,scEmbryo_sc1C2C,2cell_embryo10_2_split2,3.076923076923077,3.0189147311320594,0.0,nan
AADAT,scEmbryo_sc1C2C,2cell_embryo11_1_split1,3.076923076923077,3.0189147311320594,0.0,nan
AADAT,scEmbryo_sc1C2C,2cell_embryo11_1_split2,3.076923076923077,3.0189147311320594,0.0,nan
AADAT,scEmbryo_sc1C2C,2cell_embryo11_2_split1,3.076923076923077,3.0189147311320594,0.0,nan
AADAT,scEmbryo_sc1C2C,2cell_embryo11_2_split2,3.076923076923077,3.0189147311320594,0.0,nan
AADAT,scEmbryo_sc1C2C,2cell_embryo12_1_split1,3.076923076923077,3.0189147311320594,0.0,nan
AADAT,scEmbryo_sc1C2C,2cell_embryo12_1_split2,3.076923076923077,3.0189147311320594,0.0,nan
AADAT,scEmbryo_sc1C2C,2cell_embryo12_2_split1,3.076923076923077,3.0189147311320594,0.0,nan
AADAT,scEmbryo_sc1C2C,2cell_embryo12_2_split2,3.076923076923077,3.0189147311320594,0.0,nan
AADAT,scEmbryo_sc2CBC,32cell_embryo1_1_split1,1.0833333333333333,2.152023622955581,0.0,nan
AADAT,scEmbryo_sc2CBC,32cell_embryo1_1_split2,1.0833333333333333,2.152023622955581,0.0,nan
AADAT,scEmbryo_sc2CBC,32cell_embryo1_2_split1,1.0833333333333333,2.152023622955581,0.0,nan
AADAT,scEmbryo_sc2CBC,32cell_embryo1_2_split2,1.0833333333333333,2.152023622955581,0.0,nan
AADAT,scEmbryo_sc2CBC,32cell_embryo1_3_split1,1.0833333333333333,2.152023622955581,3.0,0.8906345851512187
AADAT,scEmbryo_sc2CBC,32cell_embryo1_3_split2,1.0833333333333333,2.152023622955581,0.0,nan
AADAT,scEmbryo_sc2CBC,32cell_embryo1_4_split1,1.0833333333333333,2.152023622955581,0.0,nan
AADAT,scEmbryo_sc2CBC,32cell_embryo1_4_split2,1.0833333333333333,2.152023622955581,0.0,nan
AADAT,scEmbryo_sc2CBC,32cell_embryo1_5_split1,1.0833333333333333,2.152023622955581,0.0,nan
AADAT,scEmbryo_sc2CBC,32cell_embryo1_5_split2,1.0833333333333333,2.152023622955581,0.0,nan
AADAT,scEmbryo_sc2CBC,32cell_embryo1_6_split1,1.0833333333333333,2.152023622955581,0.0,nan
AADAT,scEmbryo_sc2CBC,32cell_embryo1_6_split2,1.0833333333333333,2.152023622955581,0.0,nan
AADAT,scEmbryo_sc2CBC,32cell_embryo1_7_split1,1.0833333333333333,2.152023622955581,0.0,nan
AADAT,scEmbryo_sc2CBC,32cell_embryo1_7_split2,1.0833333333333333,2.152023622955581,0.0,nan
AADAT,scEmbryo_sc2CBC,32cell_embryo1_8_split1,1.0833333333333333,2.152023622955581,0.0,nan
AADAT,scEmbryo_sc2CBC,32cell_embryo1_8_split2,1.0833333333333333,2.152023622955581,0.0,nan
AADAT,scEmbryo_sc2CBC,32cell_embryo2_1_split1,1.0833333333333333,2.152023622955581,0.0,nan
AADAT,scEmbryo_sc2CBC,32cell_embryo2_1_split2,1.0833333333333333,2.152023622955581,0.0,nan
AADAT,scEmbryo_sc2CBC,32cell_embryo2_4_split1,1.0833333333333333,2.152023622955581,5.0,1.8199924131350993
AADAT,scEmbryo_sc2CBC,32cell_embryo2_4_split2,1.0833333333333333,2.152023622955581,0.0,nan
AADAT,scEmbryo_sc2CBC,32cell_embryo2_5_split1,1.0833333333333333,2.152023622955581,0.0,nan
AADAT,scEmbryo_sc2CBC,32cell_embryo2_5_split2,1.0833333333333333,2.152023622955581,0.0,nan
AADAT,scEmbryo_sc2CBC,32cell_embryo2_7_split1,1.0833333333333333,2.152023622955581,0.0,nan
AADAT,scEmbryo_sc2CBC,32cell_embryo2_7_split2,1.0833333333333333,2.152023622955581,0.0,nan
AADAT,scEmbryo_sc2CBC,32cell_embryo2_8_split1,1.0833333333333333,2.152023622955581,0.0,nan
AADAT,scEmbryo_sc2CBC,32cell_embryo2_8_split2,1.0833333333333333,2.152023622955581,0.0,nan
AADAT,scEmbryo_sc2CBC,32cell_embryo2_9_split1,1.0833333333333333,2.152023622955581,0.0,nan
AADAT,scEmbryo_sc2CBC,32cell_embryo2_9_split2,1.0833333333333333,2.152023622955581,0.0,nan
AADAT,scEmbryo_sc2CBC,32cell_embryo2_10_split1,1.0833333333333333,2.152023622955581,0.0,nan
AADAT,scEmbryo_sc2CBC,32cell_embryo2_10_split2,1.0833333333333333,2.152023622955581,0.0,nan
AADAT,scEmbryo_sc2CBC,32cell_embryo3_2_split2,1.0833333333333333,2.152023622955581,0.0,nan
AADAT,scEmbryo_sc2CBC,32cell_embryo3_4_split1,1.0833333333333333,2.152023622955581,0.0,nan
AADAT,scEmbryo_sc2CBC,32cell_embryo3_4_split2,1.0833333333333333,2.152023622955581,0.0,nan
AADAT,scEmbryo_sc2CBC,32cell_embryo4_1,1.0833333333333333,2.152023622955581,0.0,nan
AADAT,scEmbryo_sc2CBC,32cell_embryo4_2,1.0833333333333333,2.152023622955581,0.0,nan
AADAT,scEmbryo_sc2CBC,32cell_embryo4_3,1.0833333333333333,2.152023622955581,0.0,nan
AADAT,scEmbryo_sc2CBC,32cell_embryo4_4,1.0833333333333333,2.152023622955581,0.0,nan
AADAT,scEmbryo_sc2CBC,32cell_embryo4_5,1.0833333333333333,2.152023622955581,0.0,nan
AADAT,scEmbryo_sc2CBC,32cell_embryo5_3,1.0833333333333333,2.152023622955581,0.0,nan
AADAT,scEmbryo_sc2CBC,32cell_embryo5_4,1.0833333333333333,2.152023622955581,0.0,nan
AADAT,scEmbryo_sc2CBC,32cell_embryo5_5,1.0833333333333333,2.152023622955581,0.0,nan
AADAT,scEmbryo_sc2CBC,32cell_embryo6_1,1.0833333333333333,2.152023622955581,0.0,nan
AADAT,scEmbryo_sc2CBC,32cell_embryo6_2,1.0833333333333333,2.152023622955581,0.0,nan
AADAT,scEmbryo_sc2CBC,32cell_embryo6_3,1.0833333333333333,2.152023622955581,0.0,nan
AADAT,scEmbryo_sc2CBC,32cell_embryo6_4,1.0833333333333333,2.152023622955581,0.0,nan
AADAT,scEmbryo_sc2CBC,32cell_embryo6_5,1.0833333333333333,2.152023622955581,0.0,nan
AADAT,scEmbryo_sc2CBC,32cell_embryo6_6,1.0833333333333333,2.152023622955581,0.0,nan
AADAT,scEmbryo_sc2CBC,32cell_embryo6_7,1.0833333333333333,2.152023622955581,0.0,nan
AADAT,scEmbryo_sc2CBC,32cell_embryo6_8,1.0833333333333333,2.152023622955581,0.0,nan
AADAT,scEmbryo_sc2CBC,32cell_embryoMixed_1,1.0833333333333333,2.152023622955581,0.0,nan
AADAT,scEmbryo_sc2CBC,32cell_embryoMixed_2,1.0833333333333333,2.152023622955581,0.0,nan
AADAT,scEmbryo_sc2CBC,32cell_embryoMixed_3,1.0833333333333333,2.152023622955581,0.0,nan
AADAT,scEmbryo_sc2CBC,32cell_embryoMixed_4,1.0833333333333333,2.152023622955581,0.0,nan
AADAT,scEmbryo_sc2CBC,32cell_embryoMixed_5,1.0833333333333333,2.152023622955581,0.0,nan
AADAT,scEmbryo_sc2CBC,32cell_embryoMixed_6,1.0833333333333333,2.152023622955581,0.0,nan
AADAT,scEmbryo_sc2CBC,32cell_embryoMixed_7,1.0833333333333333,2.152023622955581,0.0,nan
AADAT,scEmbryo_sc2CBC,32cell_embryoMixed_8,1.0833333333333333,2.152023622955581,0.0,nan
AADAT,scEmbryo_sc2CBC,32cell_embryoMixed_9,1.0833333333333333,2.152023622955581,0.0,nan
AADAT,scEmbryo_sc2CBC,32cell_embryoMixed_10,1.0833333333333333,2.152023622955581,0.0,nan
AADAT,scEmbryo_sc2CBC,32cell_embryoMixed_11,1.0833333333333333,2.152023622955581,0.0,nan
AADAT,scEmbryo_sc2CBC,32cell_embryoMixed_12,1.0833333333333333,2.152023622955581,0.0,nan
AADAT,scEmbryo_sc2CBC,32cell_embryoMixed_13,1.0833333333333333,2.152023622955581,0.0,nan
AADAT,scEmbryo_sc2CBC,32cell_embryoMixed_14,1.0833333333333333,2.152023622955581,0.0,nan
AADAT,scEmbryo_sc2CBC,32cell_embryoMixed_15,1.0833333333333333,2.152023622955581,0.0,nan
AADAT,scEmbryo_sc2CBC,32cell_embryoMixed_16,1.0833333333333333,2.152023622955581,0.0,nan
AADAT,scEmbryo_sc2CBC,32cell_embryoMixed_17,1.0833333333333333,2.152023622955581,0.0,nan
AADAT,scEmbryo_sc2CBC,32cell_embryoMixed_18,1.0833333333333333,2.152023622955581,0.0,nan
AADAT,scEmbryo_sc2CBC,32cell_embryoMixed_19,1.0833333333333333,2.152023622955581,0.0,nan
AADAT,scEmbryo_sc2CBC,32cell_embryoMixed_20,1.0833333333333333,2.152023622955581,0.0,nan
AADAT,scEmbryo_sc2CBC,32cell_embryoMixed_21,1.0833333333333333,2.152023622955581,0.0,nan
AADAT,scEmbryo_sc2CBC,32cell_embryoMixed_22,1.0833333333333333,2.152023622955581,0.0,nan
AADAT,scEmbryo_sc2CBC,32cell_embryoMixed_23,1.0833333333333333,2.152023622955581,0.0,nan
AADAT,scEmbryo_sc2CBC,32cell_embryoMixed_24,1.0833333333333333,2.152023622955581,0.0,nan
CHIA,scEmbryo_sc1C2C,2cell_embryo1_1_split1,0.0,0.0,0.0,nan
CHIA,scEmbryo_sc1C2C,2cell_embryo1_1_split2,0.0,0.0,0.0,nan
CHIA,scEmbryo_sc1C2C,2cell_embryo1_2_split1,0.0,0.0,0.0,nan
CHIA,scEmbryo_sc1C2C,2cell_embryo1_2_split2,0.0,0.0,0.0,nan
CHIA,scEmbryo_sc1C2C,2cell_embryo2_1_split1,0.0,0.0,0.0,nan
CHIA,scEmbryo_sc1C2C,2cell_embryo2_1_split2,0.0,0.0,0.0,nan
CHIA,scEmbryo_sc1C2C,2cell_embryo2_2_split1,0.0,0.0,0.0,nan
CHIA,scEmbryo_sc1C2C,2cell_embryo2_2_split2,0.0,0.0,0.0,nan
CHIA,scEmbryo_sc1C2C,2cell_embryo3_1_split1,0.0,0.0,0.0,nan
CHIA,scEmbryo_sc1C2C,2cell_embryo3_1_split2,0.0,0.0,0.0,nan
CHIA,scEmbryo_sc1C2C,2cell_embryo3_2_split1,0.0,0.0,0.0,nan
CHIA,scEmbryo_sc1C2C,2cell_embryo3_2_split2,0.0,0.0,0.0,nan
CHIA,scEmbryo_sc1C2C,2cell_embryo4_1_split1,0.0,0.0,0.0,nan
CHIA,scEmbryo_sc1C2C,2cell_embryo4_1_split2,0.0,0.0,0.0,nan
CHIA,scEmbryo_sc1C2C,2cell_embryo4_2_split1,0.0,0.0,0.0,nan
CHIA,scEmbryo_sc1C2C,2cell_embryo4_2_split2,0.0,0.0,0.0,nan
CHIA,scEmbryo_sc1C2C,2cell_embryo5_1_split1,0.0,0.0,0.0,nan
CHIA,scEmbryo_sc1C2C,2cell_embryo5_1_split2,0.0,0.0,0.0,nan
CHIA,scEmbryo_sc1C2C,2cell_embryo5_2_split1,0.0,0.0,0.0,nan
CHIA,scEmbryo_sc1C2C,2cell_embryo5_2_split2,0.0,0.0,0.0,nan
CHIA,scEmbryo_sc1C2C,2cell_embryo6_1_split1,0.0,0.0,0.0,nan
CHIA,scEmbryo_sc1C2C,2cell_embryo6_1_split2,0.0,0.0,0.0,nan
CHIA,scEmbryo_sc1C2C,2cell_embryo6_2_split1,0.0,0.0,0.0,nan
CHIA,scEmbryo_sc1C2C,2cell_embryo6_2_split2,0.0,0.0,0.0,nan
CHIA,scEmbryo_sc1C2C,2cell_embryo7_1_split1,0.0,0.0,0.0,nan
CHIA,scEmbryo_sc1C2C,2cell_embryo7_1_split2,0.0,0.0,0.0,nan
CHIA,scEmbryo_sc1C2C,2cell_embryo7_2_split1,0.0,0.0,0.0,nan
CHIA,scEmbryo_sc1C2C,2cell_embryo7_2_split2,0.0,0.0,0.0,nan
CHIA,scEmbryo_sc1C2C,2cell_embryo8_1_split1,0.0,0.0,0.0,nan
CHIA,scEmbryo_sc1C2C,2cell_embryo8_1_split2,0.0,0.0,0.0,nan
CHIA,scEmbryo_sc1C2C,2cell_embryo8_2_split1,0.0,0.0,0.0,nan
CHIA,scEmbryo_sc1C2C,2cell_embryo8_2_split2,0.0,0.0,0.0,nan
CHIA,scEmbryo_sc1C2C,2cell_embryo9_1_split1,0.0,0.0,0.0,nan
CHIA,scEmbryo_sc1C2C,2cell_embryo9_1_split2,0.0,0.0,0.0,nan
CHIA,scEmbryo_sc1C2C,2cell_embryo9_2_split1,0.0,0.0,0.0,nan
CHIA,scEmbryo_sc1C2C,2cell_embryo9_2_split2,0.0,0.0,0.0,nan
CHIA,scEmbryo_sc1C2C,2cell_embryo10_1_split1,0.0,0.0,0.0,nan
CHIA,scEmbryo_sc1C2C,2cell_embryo10_1_split2,0.0,0.0,0.0,nan
CHIA,scEmbryo_sc1C2C,2cell_embryo10_2_split1,0.0,0.0,0.0,nan
CHIA,scEmbryo_sc1C2C,2cell_embryo10_2_split2,0.0,0.0,1.0,inf
CHIA,scEmbryo_sc1C2C,2cell_embryo11_1_split1,0.0,0.0,0.0,nan
CHIA,scEmbryo_sc1C2C,2cell_embryo11_1_split2,0.0,0.0,0.0,nan
CHIA,scEmbryo_sc1C2C,2cell_embryo11_2_split1,0.0,0.0,0.0,nan
CHIA,scEmbryo_sc1C2C,2cell_embryo11_2_split2,0.0,0.0,0.0,nan
CHIA,scEmbryo_sc1C2C,2cell_embryo12_1_split1,0.0,0.0,0.0,nan
CHIA,scEmbryo_sc1C2C,2cell_embryo12_1_split2,0.0,0.0,0.0,nan
CHIA,scEmbryo_sc1C2C,2cell_embryo12_2_split1,0.0,0.0,0.0,nan
CHIA,scEmbryo_sc1C2C,2cell_embryo12_2_split2,0.0,0.0,0.0,nan
CHIA,scEmbryo_sc2CBC,32cell_embryo1_1_split1,0.020833333333333332,0.14433756729740643,0.0,nan
CHIA,scEmbryo_sc2CBC,32cell_embryo1_1_split2,0.020833333333333332,0.14433756729740643,0.0,nan
CHIA,scEmbryo_sc2CBC,32cell_embryo1_2_split1,0.020833333333333332,0.14433756729740643,0.0,nan
CHIA,scEmbryo_sc2CBC,32cell_embryo1_2_split2,0.020833333333333332,0.14433756729740643,0.0,nan
CHIA,scEmbryo_sc2CBC,32cell_embryo1_3_split1,0.020833333333333332,0.14433756729740643,0.0,nan
CHIA,scEmbryo_sc2CBC,32cell_embryo1_3_split2,0.020833333333333332,0.14433756729740643,0.0,nan
CHIA,scEmbryo_sc2CBC,32cell_embryo1_4_split1,0.020833333333333332,0.14433756729740643,0.0,nan
CHIA,scEmbryo_sc2CBC,32cell_embryo1_4_split2,0.020833333333333332,0.14433756729740643,0.0,nan
CHIA,scEmbryo_sc2CBC,32cell_embryo1_5_split1,0.020833333333333332,0.14433756729740643,0.0,nan
CHIA,scEmbryo_sc2CBC,32cell_embryo1_5_split2,0.020833333333333332,0.14433756729740643,0.0,nan
CHIA,scEmbryo_sc2CBC,32cell_embryo1_6_split1,0.020833333333333332,0.14433756729740643,0.0,nan
CHIA,scEmbryo_sc2CBC,32cell_embryo1_6_split2,0.020833333333333332,0.14433756729740643,0.0,nan
CHIA,scEmbryo_sc2CBC,32cell_embryo1_7_split1,0.020833333333333332,0.14433756729740643,0.0,nan
CHIA,scEmbryo_sc2CBC,32cell_embryo1_7_split2,0.020833333333333332,0.14433756729740643,0.0,nan
CHIA,scEmbryo_sc2CBC,32cell_embryo1_8_split1,0.020833333333333332,0.14433756729740643,0.0,nan
CHIA,scEmbryo_sc2CBC,32cell_embryo1_8_split2,0.020833333333333332,0.14433756729740643,0.0,nan
CHIA,scEmbryo_sc2CBC,32cell_embryo2_1_split1,0.020833333333333332,0.14433756729740643,0.0,nan
CHIA,scEmbryo_sc2CBC,32cell_embryo2_1_split2,0.020833333333333332,0.14433756729740643,0.0,nan
CHIA,scEmbryo_sc2CBC,32cell_embryo2_4_split1,0.020833333333333332,0.14433756729740643,0.0,nan
CHIA,scEmbryo_sc2CBC,32cell_embryo2_4_split2,0.020833333333333332,0.14433756729740643,0.0,nan
CHIA,scEmbryo_sc2CBC,32cell_embryo2_5_split1,0.020833333333333332,0.14433756729740643,0.0,nan
CHIA,scEmbryo_sc2CBC,32cell_embryo2_5_split2,0.020833333333333332,0.14433756729740643,0.0,nan
CHIA,scEmbryo_sc2CBC,32cell_embryo2_7_split1,0.020833333333333332,0.14433756729740643,0.0,nan
CHIA,scEmbryo_sc2CBC,32cell_embryo2_7_split2,0.020833333333333332,0.14433756729740643,0.0,nan
CHIA,scEmbryo_sc2CBC,32cell_embryo2_8_split1,0.020833333333333332,0.14433756729740643,0.0,nan
CHIA,scEmbryo_sc2CBC,32cell_embryo2_8_split2,0.020833333333333332,0.14433756729740643,0.0,nan
CHIA,scEmbryo_sc2CBC,32cell_embryo2_9_split1,0.020833333333333332,0.14433756729740643,0.0,nan
CHIA,scEmbryo_sc2CBC,32cell_embryo2_9_split2,0.020833333333333332,0.14433756729740643,0.0,nan
CHIA,scEmbryo_sc2CBC,32cell_embryo2_10_split1,0.020833333333333332,0.14433756729740643,0.0,nan
CHIA,scEmbryo_sc2CBC,32cell_embryo2_10_split2,0.020833333333333332,0.14433756729740643,0.0,nan
CHIA,scEmbryo_sc2CBC,32cell_embryo3_2_split2,0.020833333333333332,0.14433756729740643,0.0,nan
CHIA,scEmbryo_sc2CBC,32cell_embryo3_4_split1,0.020833333333333332,0.14433756729740643,0.0,nan
CHIA,scEmbryo_sc2CBC,32cell_embryo3_4_split2,0.020833333333333332,0.14433756729740643,0.0,nan
CHIA,scEmbryo_sc2CBC,32cell_embryo4_1,0.020833333333333332,0.14433756729740643,0.0,nan
CHIA,scEmbryo_sc2CBC,32cell_embryo4_2,0.020833333333333332,0.14433756729740643,0.0,nan
CHIA,scEmbryo_sc2CBC,32cell_embryo4_3,0.020833333333333332,0.14433756729740643,0.0,nan
CHIA,scEmbryo_sc2CBC,32cell_embryo4_4,0.020833333333333332,0.14433756729740643,0.0,nan
CHIA,scEmbryo_sc2CBC,32cell_embryo4_5,0.020833333333333332,0.14433756729740643,0.0,nan
CHIA,scEmbryo_sc2CBC,32cell_embryo5_3,0.020833333333333332,0.14433756729740643,0.0,nan
CHIA,scEmbryo_sc2CBC,32cell_embryo5_4,0.020833333333333332,0.14433756729740643,0.0,nan
CHIA,scEmbryo_sc2CBC,32cell_embryo5_5,0.020833333333333332,0.14433756729740643,0.0,nan
CHIA,scEmbryo_sc2CBC,32cell_embryo6_1,0.020833333333333332,0.14433756729740643,0.0,nan
CHIA,scEmbryo_sc2CBC,32cell_embryo6_2,0.020833333333333332,0.14433756729740643,0.0,nan
CHIA,scEmbryo_sc2CBC,32cell_embryo6_3,0.020833333333333332,0.14433756729740643,0.0,nan
CHIA,scEmbryo_sc2CBC,32cell_embryo6_4,0.020833333333333332,0.14433756729740643,0.0,nan
CHIA,scEmbryo_sc2CBC,32cell_embryo6_5,0.020833333333333332,0.14433756729740643,0.0,nan
CHIA,scEmbryo_sc2CBC,32cell_embryo6_6,0.020833333333333332,0.14433756729740643,0.0,nan
CHIA,scEmbryo_sc2CBC,32cell_embryo6_7,0.020833333333333332,0.14433756729740643,0.0,nan
CHIA,scEmbryo_sc2CBC,32cell_embryo6_8,0.020833333333333332,0.14433756729740643,0.0,nan
CHIA,scEmbryo_sc2CBC,32cell_embryoMixed_1,0.020833333333333332,0.14433756729740643,0.0,nan
CHIA,scEmbryo_sc2CBC,32cell_embryoMixed_2,0.020833333333333332,0.14433756729740643,0.0,nan
CHIA,scEmbryo_sc2CBC,32cell_embryoMixed_3,0.020833333333333332,0.14433756729740643,0.0,nan
CHIA,scEmbryo_sc2CBC,32cell_embryoMixed_4,0.020833333333333332,0.14433756729740643,0.0,nan
CHIA,scEmbryo_sc2CBC,32cell_embryoMixed_5,0.020833333333333332,0.14433756729740643,0.0,nan
CHIA,scEmbryo_sc2CBC,32cell_embryoMixed_6,0.020833333333333332,0.14433756729740643,0.0,nan
CHIA,scEmbryo_sc2CBC,32cell_embryoMixed_7,0.020833333333333332,0.14433756729740643,0.0,nan
CHIA,scEmbryo_sc2CBC,32cell_embryoMixed_8,0.020833333333333332,0.14433756729740643,0.0,nan
CHIA,scEmbryo_sc2CBC,32cell_embryoMixed_9,0.020833333333333332,0.14433756729740643,0.0,nan
CHIA,scEmbryo_sc2CBC,32cell_embryoMixed_10,0.020833333333333332,0.14433756729740643,0.0,nan
CHIA,scEmbryo_sc2CBC,32cell_embryoMixed_11,0.020833333333333332,0.14433756729740643,0.0,nan
CHIA,scEmbryo_sc2CBC,32cell_embryoMixed_12,0.020833333333333332,0.14433756729740643,0.0,nan
CHIA,scEmbryo_sc2CBC,32cell_embryoMixed_13,0.020833333333333332,0.14433756729740643,0.0,nan
CHIA,scEmbryo_sc2CBC,32cell_embryoMixed_14,0.020833333333333332,0.14433756729740643,0.0,nan
CHIA,scEmbryo_sc2CBC,32cell_embryoMixed_15,0.020833333333333332,0.14433756729740643,0.0,nan
CHIA,scEmbryo_sc2CBC,32cell_embryoMixed_16,0.020833333333333332,0.14433756729740643,0.0,nan
CHIA,scEmbryo_sc2CBC,32cell_embryoMixed_17,0.020833333333333332,0.14433756729740643,0.0,nan
CHIA,scEmbryo_sc2CBC,32cell_embryoMixed_18,0.020833333333333332,0.14433756729740643,0.0,nan
CHIA,scEmbryo_sc2CBC,32cell_embryoMixed_19,0.020833333333333332,0.14433756729740643,0.0,nan
CHIA,scEmbryo_sc2CBC,32cell_embryoMixed_20,0.020833333333333332,0.14433756729740643,0.0,nan
CHIA,scEmbryo_sc2CBC,32cell_embryoMixed_21,0.020833333333333332,0.14433756729740643,0.0,nan
CHIA,scEmbryo_sc2CBC,32cell_embryoMixed_22,0.020833333333333332,0.14433756729740643,0.0,nan
CHIA,scEmbryo_sc2CBC,32cell_embryoMixed_23,0.020833333333333332,0.14433756729740643,0.0,nan
CHIA,scEmbryo_sc2CBC,32cell_embryoMixed_24,0.020833333333333332,0.14433756729740643,0.0,nan
GALNT14,scEmbryo_sc1C2C,2cell_embryo1_1_split1,7.538461538461538,6.41392715412808,0.0,nan
GALNT14,scEmbryo_sc1C2C,2cell_embryo1_1_split2,7.538461538461538,6.41392715412808,0.0,nan
GALNT14,scEmbryo_sc1C2C,2cell_embryo1_2_split1,7.538461538461538,6.41392715412808,6.0,-0.23986264600329396
GALNT14,scEmbryo_sc1C2C,2cell_embryo1_2_split2,7.538461538461538,6.41392715412808,10.0,0.38378023360527036
GALNT14,scEmbryo_sc1C2C,2cell_embryo2_1_split1,7.538461538461538,6.41392715412808,6.0,-0.23986264600329396
GALNT14,scEmbryo_sc1C2C,2cell_embryo2_1_split2,7.538461538461538,6.41392715412808,21.0,2.0987981525288224
GALNT14,scEmbryo_sc1C2C,2cell_embryo2_2_split1,7.538461538461538,6.41392715412808,0.0,nan
GALNT14,scEmbryo_sc1C2C,2cell_embryo2_2_split2,7.538461538461538,6.41392715412808,5.0,-0.39577336590543505
GALNT14,scEmbryo_sc1C2C,2cell_embryo3_1_split1,7.538461538461538,6.41392715412808,5.0,-0.39577336590543505
GALNT14,scEmbryo_sc1C2C,2cell_embryo3_1_split2,7.538461538461538,6.41392715412808,0.0,nan
GALNT14,scEmbryo_sc1C2C,2cell_embryo3_2_split1,7.538461538461538,6.41392715412808,1.0,-1.0194162455139995
GALNT14,scEmbryo_sc1C2C,2cell_embryo3_2_split2,7.538461538461538,6.41392715412808,4.0,-0.5516840858075761
GALNT14,scEmbryo_sc1C2C,2cell_embryo4_1_split1,7.538461538461538,6.41392715412808,0.0,nan
GALNT14,scEmbryo_sc1C2C,2cell_embryo4_1_split2,7.538461538461538,6.41392715412808,0.0,nan
GALNT14,scEmbryo_sc1C2C,2cell_embryo4_2_split1,7.538461538461538,6.41392715412808,0.0,nan
GALNT14,scEmbryo_sc1C2C,2cell_embryo4_2_split2,7.538461538461538,6.41392715412808,0.0,nan
GALNT14,scEmbryo_sc1C2C,2cell_embryo5_1_split1,7.538461538461538,6.41392715412808,0.0,nan
GALNT14,scEmbryo_sc1C2C,2cell_embryo5_1_split2,7.538461538461538,6.41392715412808,0.0,nan
GALNT14,scEmbryo_sc1C2C,2cell_embryo5_2_split1,7.538461538461538,6.41392715412808,0.0,nan
GALNT14,scEmbryo_sc1C2C,2cell_embryo5_2_split2,7.538461538461538,6.41392715412808,0.0,nan
GALNT14,scEmbryo_sc1C2C,2cell_embryo6_1_split1,7.538461538461538,6.41392715412808,0.0,nan
GALNT14,scEmbryo_sc1C2C,2cell_embryo6_1_split2,7.538461538461538,6.41392715412808,1.0,-1.0194162455139995
GALNT14,scEmbryo_sc1C2C,2cell_embryo6_2_split1,7.538461538461538,6.41392715412808,0.0,nan
GALNT14,scEmbryo_sc1C2C,2cell_embryo6_2_split2,7.538461538461538,6.41392715412808,0.0,nan
GALNT14,scEmbryo_sc1C2C,2cell_embryo7_1_split1,7.538461538461538,6.41392715412808,0.0,nan
GALNT14,scEmbryo_sc1C2C,2cell_embryo7_1_split2,7.538461538461538,6.41392715412808,0.0,nan
GALNT14,scEmbryo_sc1C2C,2cell_embryo7_2_split1,7.538461538461538,6.41392715412808,0.0,nan
GALNT14,scEmbryo_sc1C2C,2cell_embryo7_2_split2,7.538461538461538,6.41392715412808,0.0,nan
GALNT14,scEmbryo_sc1C2C,2cell_embryo8_1_split1,7.538461538461538,6.41392715412808,0.0,nan
GALNT14,scEmbryo_sc1C2C,2cell_embryo8_1_split2,7.538461538461538,6.41392715412808,0.0,nan
GALNT14,scEmbryo_sc1C2C,2cell_embryo8_2_split1,7.538461538461538,6.41392715412808,0.0,nan
GALNT14,scEmbryo_sc1C2C,2cell_embryo8_2_split2,7.538461538461538,6.41392715412808,0.0,nan
GALNT14,scEmbryo_sc1C2C,2cell_embryo9_1_split1,7.538461538461538,6.41392715412808,3.0,-0.7075948057097172
GALNT14,scEmbryo_sc1C2C,2cell_embryo9_1_split2,7.538461538461538,6.41392715412808,3.0,-0.7075948057097172
GALNT14,scEmbryo_sc1C2C,2cell_embryo9_2_split1,7.538461538461538,6.41392715412808,0.0,nan
GALNT14,scEmbryo_sc1C2C,2cell_embryo9_2_split2,7.538461538461538,6.41392715412808,0.0,nan
GALNT14,scEmbryo_sc1C2C,2cell_embryo10_1_split1,7.538461538461538,6.41392715412808,0.0,nan
GALNT14,scEmbryo_sc1C2C,2cell_embryo10_1_split2,7.538461538461538,6.41392715412808,0.0,nan
GALNT14,scEmbryo_sc1C2C,2cell_embryo10_2_split1,7.538461538461538,6.41392715412808,0.0,nan
GALNT14,scEmbryo_sc1C2C,2cell_embryo10_2_split2,7.538461538461538,6.41392715412808,1.0,-1.0194162455139995
GALNT14,scEmbryo_sc1C2C,2cell_embryo11_1_split1,7.538461538461538,6.41392715412808,2.0,-0.8635055256118583
GALNT14,scEmbryo_sc1C2C,2cell_embryo11_1_split2,7.538461538461538,6.41392715412808,3.0,-0.7075948057097172
GALNT14,scEmbryo_sc1C2C,2cell_embryo11_2_split1,7.538461538461538,6.41392715412808,0.0,nan
GALNT14,scEmbryo_sc1C2C,2cell_embryo11_2_split2,7.538461538461538,6.41392715412808,0.0,nan
GALNT14,scEmbryo_sc1C2C,2cell_embryo12_1_split1,7.538461538461538,6.41392715412808,3.0,-0.7075948057097172
GALNT14,scEmbryo_sc1C2C,2cell_embryo12_1_split2,7.538461538461538,6.41392715412808,0.0,nan
GALNT14,scEmbryo_sc1C2C,2cell_embryo12_2_split1,7.538461538461538,6.41392715412808,18.0,1.631065992822399
GALNT14,scEmbryo_sc1C2C,2cell_embryo12_2_split2,7.538461538461538,6.41392715412808,2.0,-0.8635055256118583
GALNT14,scEmbryo_sc2CBC,32cell_embryo1_1_split1,1.9583333333333333,4.292290631498318,0.0,nan
GALNT14,scEmbryo_sc2CBC,32cell_embryo1_1_split2,1.9583333333333333,4.292290631498318,2.0,0.009707326517198599
GALNT14,scEmbryo_sc2CBC,32cell_embryo1_2_split1,1.9583333333333333,4.292290631498318,0.0,nan
GALNT14,scEmbryo_sc2CBC,32cell_embryo1_2_split2,1.9583333333333333,4.292290631498318,2.0,0.009707326517198599
GALNT14,scEmbryo_sc2CBC,32cell_embryo1_3_split1,1.9583333333333333,4.292290631498318,0.0,nan
GALNT14,scEmbryo_sc2CBC,32cell_embryo1_3_split2,1.9583333333333333,4.292290631498318,0.0,nan
GALNT14,scEmbryo_sc2CBC,32cell_embryo1_4_split1,1.9583333333333333,4.292290631498318,0.0,nan
GALNT14,scEmbryo_sc2CBC,32cell_embryo1_4_split2,1.9583333333333333,4.292290631498318,0.0,nan
GALNT14,scEmbryo_sc2CBC,32cell_embryo1_5_split1,1.9583333333333333,4.292290631498318,0.0,nan
GALNT14,scEmbryo_sc2CBC,32cell_embryo1_5_split2,1.9583333333333333,4.292290631498318,0.0,nan
GALNT14,scEmbryo_sc2CBC,32cell_embryo1_6_split1,1.9583333333333333,4.292290631498318,3.0,0.24268316292996456
GALNT14,scEmbryo_sc2CBC,32cell_embryo1_6_split2,1.9583333333333333,4.292290631498318,0.0,nan
GALNT14,scEmbryo_sc2CBC,32cell_embryo1_7_split1,1.9583333333333333,4.292290631498318,1.0,-0.22326850989556735
GALNT14,scEmbryo_sc2CBC,32cell_embryo1_7_split2,1.9583333333333333,4.292290631498318,0.0,nan
GALNT14,scEmbryo_sc2CBC,32cell_embryo1_8_split1,1.9583333333333333,4.292290631498318,0.0,nan
GALNT14,scEmbryo_sc2CBC,32cell_embryo1_8_split2,1.9583333333333333,4.292290631498318,0.0,nan
GALNT14,scEmbryo_sc2CBC,32cell_embryo2_1_split1,1.9583333333333333,4.292290631498318,4.0,0.47565899934273054
GALNT14,scEmbryo_sc2CBC,32cell_embryo2_1_split2,1.9583333333333333,4.292290631498318,5.0,0.7086348357554965
GALNT14,scEmbryo_sc2CBC,32cell_embryo2_4_split1,1.9583333333333333,4.292290631498318,0.0,nan
GALNT14,scEmbryo_sc2CBC,32cell_embryo2_4_split2,1.9583333333333333,4.292290631498318,0.0,nan
GALNT14,scEmbryo_sc2CBC,32cell_embryo2_5_split1,1.9583333333333333,4.292290631498318,2.0,0.009707326517198599
GALNT14,scEmbryo_sc2CBC,32cell_embryo2_5_split2,1.9583333333333333,4.292290631498318,0.0,nan
GALNT14,scEmbryo_sc2CBC,32cell_embryo2_7_split1,1.9583333333333333,4.292290631498318,0.0,nan
GALNT14,scEmbryo_sc2CBC,32cell_embryo2_7_split2,1.9583333333333333,4.292290631498318,0.0,nan
GALNT14,scEmbryo_sc2CBC,32cell_embryo2_8_split1,1.9583333333333333,4.292290631498318,0.0,nan
GALNT14,scEmbryo_sc2CBC,32cell_embryo2_8_split2,1.9583333333333333,4.292290631498318,0.0,nan
GALNT14,scEmbryo_sc2CBC,32cell_embryo2_9_split1,1.9583333333333333,4.292290631498318,0.0,nan
GALNT14,scEmbryo_sc2CBC,32cell_embryo2_9_split2,1.9583333333333333,4.292290631498318,1.0,-0.22326850989556735
GALNT14,scEmbryo_sc2CBC,32cell_embryo2_10_split1,1.9583333333333333,4.292290631498318,0.0,nan
GALNT14,scEmbryo_sc2CBC,32cell_embryo2_10_split2,1.9583333333333333,4.292290631498318,0.0,nan
GALNT14,scEmbryo_sc2CBC,32cell_embryo3_2_split2,1.9583333333333333,4.292290631498318,0.0,nan
GALNT14,scEmbryo_sc2CBC,32cell_embryo3_4_split1,1.9583333333333333,4.292290631498318,0.0,nan
GALNT14,scEmbryo_sc2CBC,32cell_embryo3_4_split2,1.9583333333333333,4.292290631498318,0.0,nan
GALNT14,scEmbryo_sc2CBC,32cell_embryo4_1,1.9583333333333333,4.292290631498318,0.0,nan
GALNT14,scEmbryo_sc2CBC,32cell_embryo4_2,1.9583333333333333,4.292290631498318,0.0,nan
GALNT14,scEmbryo_sc2CBC,32cell_embryo4_3,1.9583333333333333,4.292290631498318,0.0,nan
GALNT14,scEmbryo_sc2CBC,32cell_embryo4_4,1.9583333333333333,4.292290631498318,0.0,nan
GALNT14,scEmbryo_sc2CBC,32cell_embryo4_5,1.9583333333333333,4.292290631498318,0.0,nan
GALNT14,scEmbryo_sc2CBC,32cell_embryo5_3,1.9583333333333333,4.292290631498318,0.0,nan
GALNT14,scEmbryo_sc2CBC,32cell_embryo5_4,1.9583333333333333,4.292290631498318,0.0,nan
GALNT14,scEmbryo_sc2CBC,32cell_embryo5_5,1.9583333333333333,4.292290631498318,0.0,nan
GALNT14,scEmbryo_sc2CBC,32cell_embryo6_1,1.9583333333333333,4.292290631498318,0.0,nan
GALNT14,scEmbryo_sc2CBC,32cell_embryo6_2,1.9583333333333333,4.292290631498318,0.0,nan
GALNT14,scEmbryo_sc2CBC,32cell_embryo6_3,1.9583333333333333,4.292290631498318,0.0,nan
GALNT14,scEmbryo_sc2CBC,32cell_embryo6_4,1.9583333333333333,4.292290631498318,0.0,nan
GALNT14,scEmbryo_sc2CBC,32cell_embryo6_5,1.9583333333333333,4.292290631498318,0.0,nan
GALNT14,scEmbryo_sc2CBC,32cell_embryo6_6,1.9583333333333333,4.292290631498318,0.0,nan
GALNT14,scEmbryo_sc2CBC,32cell_embryo6_7,1.9583333333333333,4.292290631498318,0.0,nan
GALNT14,scEmbryo_sc2CBC,32cell_embryo6_8,1.9583333333333333,4.292290631498318,0.0,nan
GALNT14,scEmbryo_sc2CBC,32cell_embryoMixed_1,1.9583333333333333,4.292290631498318,0.0,nan
GALNT14,scEmbryo_sc2CBC,32cell_embryoMixed_2,1.9583333333333333,4.292290631498318,0.0,nan
GALNT14,scEmbryo_sc2CBC,32cell_embryoMixed_3,1.9583333333333333,4.292290631498318,0.0,nan
GALNT14,scEmbryo_sc2CBC,32cell_embryoMixed_4,1.9583333333333333,4.292290631498318,0.0,nan
GALNT14,scEmbryo_sc2CBC,32cell_embryoMixed_5,1.9583333333333333,4.292290631498318,0.0,nan
GALNT14,scEmbryo_sc2CBC,32cell_embryoMixed_6,1.9583333333333333,4.292290631498318,0.0,nan
GALNT14,scEmbryo_sc2CBC,32cell_embryoMixed_7,1.9583333333333333,4.292290631498318,0.0,nan
GALNT14,scEmbryo_sc2CBC,32cell_embryoMixed_8,1.9583333333333333,4.292290631498318,0.0,nan
GALNT14,scEmbryo_sc2CBC,32cell_embryoMixed_9,1.9583333333333333,4.292290631498318,0.0,nan
GALNT14,scEmbryo_sc2CBC,32cell_embryoMixed_10,1.9583333333333333,4.292290631498318,0.0,nan
GALNT14,scEmbryo_sc2CBC,32cell_embryoMixed_11,1.9583333333333333,4.292290631498318,0.0,nan
GALNT14,scEmbryo_sc2CBC,32cell_embryoMixed_12,1.9583333333333333,4.292290631498318,0.0,nan
GALNT14,scEmbryo_sc2CBC,32cell_embryoMixed_13,1.9583333333333333,4.292290631498318,0.0,nan
GALNT14,scEmbryo_sc2CBC,32cell_embryoMixed_14,1.9583333333333333,4.292290631498318,0.0,nan
GALNT14,scEmbryo_sc2CBC,32cell_embryoMixed_15,1.9583333333333333,4.292290631498318,0.0,nan
GALNT14,scEmbryo_sc2CBC,32cell_embryoMixed_16,1.9583333333333333,4.292290631498318,0.0,nan
GALNT14,scEmbryo_sc2CBC,32cell_embryoMixed_17,1.9583333333333333,4.292290631498318,0.0,nan
GALNT14,scEmbryo_sc2CBC,32cell_embryoMixed_18,1.9583333333333333,4.292290631498318,0.0,nan
GALNT14,scEmbryo_sc2CBC,32cell_embryoMixed_19,1.9583333333333333,4.292290631498318,0.0,nan
GALNT14,scEmbryo_sc2CBC,32cell_embryoMixed_20,1.9583333333333333,4.292290631498318,0.0,nan
GALNT14,scEmbryo_sc2CBC,32cell_embryoMixed_21,1.9583333333333333,4.292290631498318,0.0,nan
GALNT14,scEmbryo_sc2CBC,32cell_embryoMixed_22,1.9583333333333333,4.292290631498318,0.0,nan
GALNT14,scEmbryo_sc2CBC,32cell_embryoMixed_23,1.9583333333333333,4.292290631498318,0.0,nan
GALNT14,scEmbryo_sc2CBC,32cell_embryoMixed_24,1.9583333333333333,4.292290631498318,0.0,nan
RHAG,scEmbryo_sc1C2C,2cell_embryo1_1_split1,0.0,0.0,0.0,nan
RHAG,scEmbryo_sc1C2C,2cell_embryo1_1_split2,0.0,0.0,0.0,nan
RHAG,scEmbryo_sc1C2C,2cell_embryo1_2_split1,0.0,0.0,0.0,nan
RHAG,scEmbryo_sc1C2C,2cell_embryo1_2_split2,0.0,0.0,0.0,nan
RHAG,scEmbryo_sc1C2C,2cell_embryo2_1_split1,0.0,0.0,0.0,nan
RHAG,scEmbryo_sc1C2C,2cell_embryo2_1_split2,0.0,0.0,2.0,inf
RHAG,scEmbryo_sc1C2C,2cell_embryo2_2_split1,0.0,0.0,0.0,nan
RHAG,scEmbryo_sc1C2C,2cell_embryo2_2_split2,0.0,0.0,0.0,nan
RHAG,scEmbryo_sc1C2C,2cell_embryo3_1_split1,0.0,0.0,0.0,nan
RHAG,scEmbryo_sc1C2C,2cell_embryo3_1_split2,0.0,0.0,0.0,nan
RHAG,scEmbryo_sc1C2C,2cell_embryo3_2_split1,0.0,0.0,0.0,nan
RHAG,scEmbryo_sc1C2C,2cell_embryo3_2_split2,0.0,0.0,0.0,nan
RHAG,scEmbryo_sc1C2C,2cell_embryo4_1_split1,0.0,0.0,0.0,nan
RHAG,scEmbryo_sc1C2C,2cell_embryo4_1_split2,0.0,0.0,0.0,nan
RHAG,scEmbryo_sc1C2C,2cell_embryo4_2_split1,0.0,0.0,0.0,nan
RHAG,scEmbryo_sc1C2C,2cell_embryo4_2_split2,0.0,0.0,0.0,nan
RHAG,scEmbryo_sc1C2C,2cell_embryo5_1_split1,0.0,0.0,0.0,nan
RHAG,scEmbryo_sc1C2C,2cell_embryo5_1_split2,0.0,0.0,0.0,nan
RHAG,scEmbryo_sc1C2C,2cell_embryo5_2_split1,0.0,0.0,0.0,nan
RHAG,scEmbryo_sc1C2C,2cell_embryo5_2_split2,0.0,0.0,0.0,nan
RHAG,scEmbryo_sc1C2C,2cell_embryo6_1_split1,0.0,0.0,0.0,nan
RHAG,scEmbryo_sc1C2C,2cell_embryo6_1_split2,0.0,0.0,0.0,nan
RHAG,scEmbryo_sc1C2C,2cell_embryo6_2_split1,0.0,0.0,0.0,nan
RHAG,scEmbryo_sc1C2C,2cell_embryo6_2_split2,0.0,0.0,0.0,nan
RHAG,scEmbryo_sc1C2C,2cell_embryo7_1_split1,0.0,0.0,0.0,nan
RHAG,scEmbryo_sc1C2C,2cell_embryo7_1_split2,0.0,0.0,0.0,nan
RHAG,scEmbryo_sc1C2C,2cell_embryo7_2_split1,0.0,0.0,0.0,nan
RHAG,scEmbryo_sc1C2C,2cell_embryo7_2_split2,0.0,0.0,0.0,nan
RHAG,scEmbryo_sc1C2C,2cell_embryo8_1_split1,0.0,0.0,0.0,nan
RHAG,scEmbryo_sc1C2C,2cell_embryo8_1_split2,0.0,0.0,0.0,nan
RHAG,scEmbryo_sc1C2C,2cell_embryo8_2_split1,0.0,0.0,0.0,nan
RHAG,scEmbryo_sc1C2C,2cell_embryo8_2_split2,0.0,0.0,0.0,nan
RHAG,scEmbryo_sc1C2C,2cell_embryo9_1_split1,0.0,0.0,0.0,nan
RHAG,scEmbryo_sc1C2C,2cell_embryo9_1_split2,0.0,0.0,0.0,nan
RHAG,scEmbryo_sc1C2C,2cell_embryo9_2_split1,0.0,0.0,0.0,nan
RHAG,scEmbryo_sc1C2C,2cell_embryo9_2_split2,0.0,0.0,0.0,nan
RHAG,scEmbryo_sc1C2C,2cell_embryo10_1_split1,0.0,0.0,0.0,nan
RHAG,scEmbryo_sc1C2C,2cell_embryo10_1_split2,0.0,0.0,0.0,nan
RHAG,scEmbryo_sc1C2C,2cell_embryo10_2_split1,0.0,0.0,0.0,nan
RHAG,scEmbryo_sc1C2C,2cell_embryo10_2_split2,0.0,0.0,0.0,nan
RHAG,scEmbryo_sc1C2C,2cell_embryo11_1_split1,0.0,0.0,0.0,nan
RHAG,scEmbryo_sc1C2C,2cell_embryo11_1_split2,0.0,0.0,0.0,nan
RHAG,scEmbryo_sc1C2C,2cell_embryo11_2_split1,0.0,0.0,0.0,nan
RHAG,scEmbryo_sc1C2C,2cell_embryo11_2_split2,0.0,0.0,0.0,nan
RHAG,scEmbryo_sc1C2C,2cell_embryo12_1_split1,0.0,0.0,0.0,nan
RHAG,scEmbryo_sc1C2C,2cell_embryo12_1_split2,0.0,0.0,0.0,nan
RHAG,scEmbryo_sc1C2C,2cell_embryo12_2_split1,0.0,0.0,0.0,nan
RHAG,scEmbryo_sc1C2C,2cell_embryo12_2_split2,0.0,0.0,0.0,nan
RHAG,scEmbryo_sc2CBC,32cell_embryo1_1_split1,0.041666666666666664,0.28867513459481287,0.0,nan
RHAG,scEmbryo_sc2CBC,32cell_embryo1_1_split2,0.041666666666666664,0.28867513459481287,0.0,nan
RHAG,scEmbryo_sc2CBC,32cell_embryo1_2_split1,0.041666666666666664,0.28867513459481287,0.0,nan
RHAG,scEmbryo_sc2CBC,32cell_embryo1_2_split2,0.041666666666666664,0.28867513459481287,0.0,nan
RHAG,scEmbryo_sc2CBC,32cell_embryo1_3_split1,0.041666666666666664,0.28867513459481287,0.0,nan
RHAG,scEmbryo_sc2CBC,32cell_embryo1_3_split2,0.041666666666666664,0.28867513459481287,0.0,nan
RHAG,scEmbryo_sc2CBC,32cell_embryo1_4_split1,0.041666666666666664,0.28867513459481287,0.0,nan
RHAG,scEmbryo_sc2CBC,32cell_embryo1_4_split2,0.041666666666666664,0.28867513459481287,0.0,nan
RHAG,scEmbryo_sc2CBC,32cell_embryo1_5_split1,0.041666666666666664,0.28867513459481287,0.0,nan
RHAG,scEmbryo_sc2CBC,32cell_embryo1_5_split2,0.041666666666666664,0.28867513459481287,0.0,nan
RHAG,scEmbryo_sc2CBC,32cell_embryo1_6_split1,0.041666666666666664,0.28867513459481287,0.0,nan
RHAG,scEmbryo_sc2CBC,32cell_embryo1_6_split2,0.041666666666666664,0.28867513459481287,0.0,nan
RHAG,scEmbryo_sc2CBC,32cell_embryo1_7_split1,0.041666666666666664,0.28867513459481287,0.0,nan
RHAG,scEmbryo_sc2CBC,32cell_embryo1_7_split2,0.041666666666666664,0.28867513459481287,0.0,nan
RHAG,scEmbryo_sc2CBC,32cell_embryo1_8_split1,0.041666666666666664,0.28867513459481287,0.0,nan
RHAG,scEmbryo_sc2CBC,32cell_embryo1_8_split2,0.041666666666666664,0.28867513459481287,0.0,nan
RHAG,scEmbryo_sc2CBC,32cell_embryo2_1_split1,0.041666666666666664,0.28867513459481287,0.0,nan
RHAG,scEmbryo_sc2CBC,32cell_embryo2_1_split2,0.041666666666666664,0.28867513459481287,0.0,nan
RHAG,scEmbryo_sc2CBC,32cell_embryo2_4_split1,0.041666666666666664,0.28867513459481287,0.0,nan
RHAG,scEmbryo_sc2CBC,32cell_embryo2_4_split2,0.041666666666666664,0.28867513459481287,0.0,nan
RHAG,scEmbryo_sc2CBC,32cell_embryo2_5_split1,0.041666666666666664,0.28867513459481287,0.0,nan
RHAG,scEmbryo_sc2CBC,32cell_embryo2_5_split2,0.041666666666666664,0.28867513459481287,0.0,nan
RHAG,scEmbryo_sc2CBC,32cell_embryo2_7_split1,0.041666666666666664,0.28867513459481287,0.0,nan
RHAG,scEmbryo_sc2CBC,32cell_embryo2_7_split2,0.041666666666666664,0.28867513459481287,0.0,nan
RHAG,scEmbryo_sc2CBC,32cell_embryo2_8_split1,0.041666666666666664,0.28867513459481287,4.0,13.712068893253614
RHAG,scEmbryo_sc2CBC,32cell_embryo2_8_split2,0.041666666666666664,0.28867513459481287,0.0,nan
RHAG,scEmbryo_sc2CBC,32cell_embryo2_9_split1,0.041666666666666664,0.28867513459481287,0.0,nan
RHAG,scEmbryo_sc2CBC,32cell_embryo2_9_split2,0.041666666666666664,0.28867513459481287,0.0,nan
RHAG,scEmbryo_sc2CBC,32cell_embryo2_10_split1,0.041666666666666664,0.28867513459481287,0.0,nan
RHAG,scEmbryo_sc2CBC,32cell_embryo2_10_split2,0.041666666666666664,0.28867513459481287,0.0,nan
RHAG,scEmbryo_sc2CBC,32cell_embryo3_2_split2,0.041666666666666664,0.28867513459481287,0.0,nan
RHAG,scEmbryo_sc2CBC,32cell_embryo3_4_split1,0.041666666666666664,0.28867513459481287,0.0,nan
RHAG,scEmbryo_sc2CBC,32cell_embryo3_4_split2,0.041666666666666664,0.28867513459481287,0.0,nan
RHAG,scEmbryo_sc2CBC,32cell_embryo4_1,0.041666666666666664,0.28867513459481287,0.0,nan
RHAG,scEmbryo_sc2CBC,32cell_embryo4_2,0.041666666666666664,0.28867513459481287,0.0,nan
RHAG,scEmbryo_sc2CBC,32cell_embryo4_3,0.041666666666666664,0.28867513459481287,0.0,nan
RHAG,scEmbryo_sc2CBC,32cell_embryo4_4,0.041666666666666664,0.28867513459481287,0.0,nan
RHAG,scEmbryo_sc2CBC,32cell_embryo4_5,0.041666666666666664,0.28867513459481287,0.0,nan
RHAG,scEmbryo_sc2CBC,32cell_embryo5_3,0.041666666666666664,0.28867513459481287,0.0,nan
RHAG,scEmbryo_sc2CBC,32cell_embryo5_4,0.041666666666666664,0.28867513459481287,0.0,nan
RHAG,scEmbryo_sc2CBC,32cell_embryo5_5,0.041666666666666664,0.28867513459481287,0.0,nan
RHAG,scEmbryo_sc2CBC,32cell_embryo6_1,0.041666666666666664,0.28867513459481287,0.0,nan
RHAG,scEmbryo_sc2CBC,32cell_embryo6_2,0.041666666666666664,0.28867513459481287,0.0,nan
RHAG,scEmbryo_sc2CBC,32cell_embryo6_3,0.041666666666666664,0.28867513459481287,0.0,nan
RHAG,scEmbryo_sc2CBC,32cell_embryo6_4,0.041666666666666664,0.28867513459481287,0.0,nan
RHAG,scEmbryo_sc2CBC,32cell_embryo6_5,0.041666666666666664,0.28867513459481287,0.0,nan
RHAG,scEmbryo_sc2CBC,32cell_embryo6_6,0.041666666666666664,0.28867513459481287,0.0,nan
RHAG,scEmbryo_sc2CBC,32cell_embryo6_7,0.041666666666666664,0.28867513459481287,0.0,nan
RHAG,scEmbryo_sc2CBC,32cell_embryo6_8,0.041666666666666664,0.28867513459481287,0.0,nan
RHAG,scEmbryo_sc2CBC,32cell_embryoMixed_1,0.041666666666666664,0.28867513459481287,0.0,nan
RHAG,scEmbryo_sc2CBC,32cell_embryoMixed_2,0.041666666666666664,0.28867513459481287,0.0,nan
RHAG,scEmbryo_sc2CBC,32cell_embryoMixed_3,0.041666666666666664,0.28867513459481287,0.0,nan
RHAG,scEmbryo_sc2CBC,32cell_embryoMixed_4,0.041666666666666664,0.28867513459481287,0.0,nan
RHAG,scEmbryo_sc2CBC,32cell_embryoMixed_5,0.041666666666666664,0.28867513459481287,0.0,nan
RHAG,scEmbryo_sc2CBC,32cell_embryoMixed_6,0.041666666666666664,0.28867513459481287,0.0,nan
RHAG,scEmbryo_sc2CBC,32cell_embryoMixed_7,0.041666666666666664,0.28867513459481287,0.0,nan
RHAG,scEmbryo_sc2CBC,32cell_embryoMixed_8,0.041666666666666664,0.28867513459481287,0.0,nan
RHAG,scEmbryo_sc2CBC,32cell_embryoMixed_9,0.041666666666666664,0.28867513459481287,0.0,nan
RHAG,scEmbryo_sc2CBC,32cell_embryoMixed_10,0.041666666666666664,0.28867513459481287,0.0,nan
RHAG,scEmbryo_sc2CBC,32cell_embryoMixed_11,0.041666666666666664,0.28867513459481287,0.0,nan
RHAG,scEmbryo_sc2CBC,32cell_embryoMixed_12,0.041666666666666664,0.28867513459481287,0.0,nan
RHAG,scEmbryo_sc2CBC,32cell_embryoMixed_13,0.041666666666666664,0.28867513459481287,0.0,nan
RHAG,scEmbryo_sc2CBC,32cell_embryoMixed_14,0.041666666666666664,0.28867513459481287,0.0,nan
RHAG,scEmbryo_sc2CBC,32cell_embryoMixed_15,0.041666666666666664,0.28867513459481287,0.0,nan
RHAG,scEmbryo_sc2CBC,32cell_embryoMixed_16,0.041666666666666664,0.28867513459481287,0.0,nan
RHAG,scEmbryo_sc2CBC,32cell_embryoMixed_17,0.041666666666666664,0.28867513459481287,0.0,nan
RHAG,scEmbryo_sc2CBC,32cell_embryoMixed_18,0.041666666666666664,0.28867513459481287,0.0,nan
RHAG,scEmbryo_sc2CBC,32cell_embryoMixed_19,0.041666666666666664,0.28867513459481287,0.0,nan
RHAG,scEmbryo_sc2CBC,32cell_embryoMixed_20,0.041666666666666664,0.28867513459481287,0.0,nan
RHAG,scEmbryo_sc2CBC,32cell_embryoMixed_21,0.041666666666666664,0.28867513459481287,0.0,nan
RHAG,scEmbryo_sc2CBC,32cell_embryoMixed_22,0.041666666666666664,0.28867513459481287,0.0,nan
RHAG,scEmbryo_sc2CBC,32cell_embryoMixed_23,0.041666666666666664,0.28867513459481287,0.0,nan
RHAG,scEmbryo_sc2CBC,32cell_embryoMixed_24,0.041666666666666664,0.28867513459481287,0.0,nan
SLC17A8,scEmbryo_sc1C2C,2cell_embryo1_1_split1,5.346153846153846,3.815151978019305,2.0,-0.8770696070385782
SLC17A8,scEmbryo_sc1C2C,2cell_embryo1_1_split2,5.346153846153846,3.815151978019305,1.0,-1.1391823631650497
SLC17A8,scEmbryo_sc1C2C,2cell_embryo1_2_split1,5.346153846153846,3.815151978019305,14.0,2.2682834664790814
SLC17A8,scEmbryo_sc1C2C,2cell_embryo1_2_split2,5.346153846153846,3.815151978019305,0.0,nan
SLC17A8,scEmbryo_sc1C2C,2cell_embryo2_1_split1,5.346153846153846,3.815151978019305,0.0,nan
SLC17A8,scEmbryo_sc1C2C,2cell_embryo2_1_split2,5.346153846153846,3.815151978019305,0.0,nan
SLC17A8,scEmbryo_sc1C2C,2cell_embryo2_2_split1,5.346153846153846,3.815151978019305,0.0,nan
SLC17A8,scEmbryo_sc1C2C,2cell_embryo2_2_split2,5.346153846153846,3.815151978019305,0.0,nan
SLC17A8,scEmbryo_sc1C2C,2cell_embryo3_1_split1,5.346153846153846,3.815151978019305,0.0,nan
SLC17A8,scEmbryo_sc1C2C,2cell_embryo3_1_split2,5.346153846153846,3.815151978019305,0.0,nan
SLC17A8,scEmbryo_sc1C2C,2cell_embryo3_2_split1,5.346153846153846,3.815151978019305,0.0,nan
SLC17A8,scEmbryo_sc1C2C,2cell_embryo3_2_split2,5.346153846153846,3.815151978019305,0.0,nan
SLC17A8,scEmbryo_sc1C2C,2cell_embryo4_1_split1,5.346153846153846,3.815151978019305,3.0,-0.6149568509121065
SLC17A8,scEmbryo_sc1C2C,2cell_embryo4_1_split2,5.346153846153846,3.815151978019305,5.0,-0.09073133865916318
SLC17A8,scEmbryo_sc1C2C,2cell_embryo4_2_split1,5.346153846153846,3.815151978019305,0.0,nan
SLC17A8,scEmbryo_sc1C2C,2cell_embryo4_2_split2,5.346153846153846,3.815151978019305,0.0,nan
SLC17A8,scEmbryo_sc1C2C,2cell_embryo5_1_split1,5.346153846153846,3.815151978019305,0.0,nan
SLC17A8,scEmbryo_sc1C2C,2cell_embryo5_1_split2,5.346153846153846,3.815151978019305,0.0,nan
SLC17A8,scEmbryo_sc1C2C,2cell_embryo5_2_split1,5.346153846153846,3.815151978019305,3.0,-0.6149568509121065
SLC17A8,scEmbryo_sc1C2C,2cell_embryo5_2_split2,5.346153846153846,3.815151978019305,0.0,nan
SLC17A8,scEmbryo_sc1C2C,2cell_embryo6_1_split1,5.346153846153846,3.815151978019305,0.0,nan
SLC17A8,scEmbryo_sc1C2C,2cell_embryo6_1_split2,5.346153846153846,3.815151978019305,0.0,nan
SLC17A8,scEmbryo_sc1C2C,2cell_embryo6_2_split1,5.346153846153846,3.815151978019305,0.0,nan
SLC17A8,scEmbryo_sc1C2C,2cell_embryo6_2_split2,5.346153846153846,3.815151978019305,0.0,nan
SLC17A8,scEmbryo_sc1C2C,2cell_embryo7_1_split1,5.346153846153846,3.815151978019305,0.0,nan
SLC17A8,scEmbryo_sc1C2C,2cell_embryo7_1_split2,5.346153846153846,3.815151978019305,1.0,-1.1391823631650497
SLC17A8,scEmbryo_sc1C2C,2cell_embryo7_2_split1,5.346153846153846,3.815151978019305,2.0,-0.8770696070385782
SLC17A8,scEmbryo_sc1C2C,2cell_embryo7_2_split2,5.346153846153846,3.815151978019305,0.0,nan
SLC17A8,scEmbryo_sc1C2C,2cell_embryo8_1_split1,5.346153846153846,3.815151978019305,0.0,nan
SLC17A8,scEmbryo_sc1C2C,2cell_embryo8_1_split2,5.346153846153846,3.815151978019305,0.0,nan
SLC17A8,scEmbryo_sc1C2C,2cell_embryo8_2_split1,5.346153846153846,3.815151978019305,0.0,nan
SLC17A8,scEmbryo_sc1C2C,2cell_embryo8_2_split2,5.346153846153846,3.815151978019305,0.0,nan
SLC17A8,scEmbryo_sc1C2C,2cell_embryo9_1_split1,5.346153846153846,3.815151978019305,0.0,nan
SLC17A8,scEmbryo_sc1C2C,2cell_embryo9_1_split2,5.346153846153846,3.815151978019305,0.0,nan
SLC17A8,scEmbryo_sc1C2C,2cell_embryo9_2_split1,5.346153846153846,3.815151978019305,0.0,nan
SLC17A8,scEmbryo_sc1C2C,2cell_embryo9_2_split2,5.346153846153846,3.815151978019305,0.0,nan
SLC17A8,scEmbryo_sc1C2C,2cell_embryo10_1_split1,5.346153846153846,3.815151978019305,0.0,nan
SLC17A8,scEmbryo_sc1C2C,2cell_embryo10_1_split2,5.346153846153846,3.815151978019305,0.0,nan
SLC17A8,scEmbryo_sc1C2C,2cell_embryo10_2_split1,5.346153846153846,3.815151978019305,0.0,nan
SLC17A8,scEmbryo_sc1C2C,2cell_embryo10_2_split2,5.346153846153846,3.815151978019305,0.0,nan
SLC17A8,scEmbryo_sc1C2C,2cell_embryo11_1_split1,5.346153846153846,3.815151978019305,0.0,nan
SLC17A8,scEmbryo_sc1C2C,2cell_embryo11_1_split2,5.346153846153846,3.815151978019305,0.0,nan
SLC17A8,scEmbryo_sc1C2C,2cell_embryo11_2_split1,5.346153846153846,3.815151978019305,6.0,0.17138141746730848
SLC17A8,scEmbryo_sc1C2C,2cell_embryo11_2_split2,5.346153846153846,3.815151978019305,0.0,nan
SLC17A8,scEmbryo_sc1C2C,2cell_embryo12_1_split1,5.346153846153846,3.815151978019305,0.0,nan
SLC17A8,scEmbryo_sc1C2C,2cell_embryo12_1_split2,5.346153846153846,3.815151978019305,0.0,nan
SLC17A8,scEmbryo_sc1C2C,2cell_embryo12_2_split1,5.346153846153846,3.815151978019305,0.0,nan
SLC17A8,scEmbryo_sc1C2C,2cell_embryo12_2_split2,5.346153846153846,3.815151978019305,0.0,nan
SLC17A8,scEmbryo_sc2CBC,32cell_embryo1_1_split1,0.7708333333333334,2.336023019171534,0.0,nan
SLC17A8,scEmbryo_sc2CBC,32cell_embryo1_1_split2,0.7708333333333334,2.336023019171534,0.0,nan
SLC17A8,scEmbryo_sc2CBC,32cell_embryo1_2_split1,0.7708333333333334,2.336023019171534,0.0,nan
SLC17A8,scEmbryo_sc2CBC,32cell_embryo1_2_split2,0.7708333333333334,2.336023019171534,3.0,0.9542571491685198
SLC17A8,scEmbryo_sc2CBC,32cell_embryo1_3_split1,0.7708333333333334,2.336023019171534,0.0,nan
SLC17A8,scEmbryo_sc2CBC,32cell_embryo1_3_split2,0.7708333333333334,2.336023019171534,0.0,nan
SLC17A8,scEmbryo_sc2CBC,32cell_embryo1_4_split1,0.7708333333333334,2.336023019171534,0.0,nan
SLC17A8,scEmbryo_sc2CBC,32cell_embryo1_4_split2,0.7708333333333334,2.336023019171534,0.0,nan
SLC17A8,scEmbryo_sc2CBC,32cell_embryo1_5_split1,0.7708333333333334,2.336023019171534,0.0,nan
SLC17A8,scEmbryo_sc2CBC,32cell_embryo1_5_split2,0.7708333333333334,2.336023019171534,0.0,nan
SLC17A8,scEmbryo_sc2CBC,32cell_embryo1_6_split1,0.7708333333333334,2.336023019171534,0.0,nan
SLC17A8,scEmbryo_sc2CBC,32cell_embryo1_6_split2,0.7708333333333334,2.336023019171534,0.0,nan
SLC17A8,scEmbryo_sc2CBC,32cell_embryo1_7_split1,0.7708333333333334,2.336023019171534,0.0,nan
SLC17A8,scEmbryo_sc2CBC,32cell_embryo1_7_split2,0.7708333333333334,2.336023019171534,0.0,nan
SLC17A8,scEmbryo_sc2CBC,32cell_embryo1_8_split1,0.7708333333333334,2.336023019171534,2.0,0.5261791757097445
SLC17A8,scEmbryo_sc2CBC,32cell_embryo1_8_split2,0.7708333333333334,2.336023019171534,0.0,nan
SLC17A8,scEmbryo_sc2CBC,32cell_embryo2_1_split1,0.7708333333333334,2.336023019171534,0.0,nan
SLC17A8,scEmbryo_sc2CBC,32cell_embryo2_1_split2,0.7708333333333334,2.336023019171534,0.0,nan
SLC17A8,scEmbryo_sc2CBC,32cell_embryo2_4_split1,0.7708333333333334,2.336023019171534,0.0,nan
SLC17A8,scEmbryo_sc2CBC,32cell_embryo2_4_split2,0.7708333333333334,2.336023019171534,0.0,nan
SLC17A8,scEmbryo_sc2CBC,32cell_embryo2_5_split1,0.7708333333333334,2.336023019171534,0.0,nan
SLC17A8,scEmbryo_sc2CBC,32cell_embryo2_5_split2,0.7708333333333334,2.336023019171534,0.0,nan
SLC17A8,scEmbryo_sc2CBC,32cell_embryo2_7_split1,0.7708333333333334,2.336023019171534,0.0,nan
SLC17A8,scEmbryo_sc2CBC,32cell_embryo2_7_split2,0.7708333333333334,2.336023019171534,0.0,nan
SLC17A8,scEmbryo_sc2CBC,32cell_embryo2_8_split1,0.7708333333333334,2.336023019171534,0.0,nan
SLC17A8,scEmbryo_sc2CBC,32cell_embryo2_8_split2,0.7708333333333334,2.336023019171534,0.0,nan
SLC17A8,scEmbryo_sc2CBC,32cell_embryo2_9_split1,0.7708333333333334,2.336023019171534,0.0,nan
SLC17A8,scEmbryo_sc2CBC,32cell_embryo2_9_split2,0.7708333333333334,2.336023019171534,0.0,nan
SLC17A8,scEmbryo_sc2CBC,32cell_embryo2_10_split1,0.7708333333333334,2.336023019171534,0.0,nan
SLC17A8,scEmbryo_sc2CBC,32cell_embryo2_10_split2,0.7708333333333334,2.336023019171534,0.0,nan
SLC17A8,scEmbryo_sc2CBC,32cell_embryo3_2_split2,0.7708333333333334,2.336023019171534,0.0,nan
SLC17A8,scEmbryo_sc2CBC,32cell_embryo3_4_split1,0.7708333333333334,2.336023019171534,0.0,nan
SLC17A8,scEmbryo_sc2CBC,32cell_embryo3_4_split2,0.7708333333333334,2.336023019171534,2.0,0.5261791757097445
SLC17A8,scEmbryo_sc2CBC,32cell_embryo4_1,0.7708333333333334,2.336023019171534,0.0,nan
SLC17A8,scEmbryo_sc2CBC,32cell_embryo4_2,0.7708333333333334,2.336023019171534,0.0,nan
SLC17A8,scEmbryo_sc2CBC,32cell_embryo4_3,0.7708333333333334,2.336023019171534,0.0,nan
SLC17A8,scEmbryo_sc2CBC,32cell_embryo4_4,0.7708333333333334,2.336023019171534,0.0,nan
SLC17A8,scEmbryo_sc2CBC,32cell_embryo4_5,0.7708333333333334,2.336023019171534,0.0,nan
SLC17A8,scEmbryo_sc2CBC,32cell_embryo5_3,0.7708333333333334,2.336023019171534,0.0,nan
SLC17A8,scEmbryo_sc2CBC,32cell_embryo5_4,0.7708333333333334,2.336023019171534,0.0,nan
SLC17A8,scEmbryo_sc2CBC,32cell_embryo5_5,0.7708333333333334,2.336023019171534,0.0,nan
SLC17A8,scEmbryo_sc2CBC,32cell_embryo6_1,0.7708333333333334,2.336023019171534,0.0,nan
SLC17A8,scEmbryo_sc2CBC,32cell_embryo6_2,0.7708333333333334,2.336023019171534,0.0,nan
SLC17A8,scEmbryo_sc2CBC,32cell_embryo6_3,0.7708333333333334,2.336023019171534,0.0,nan
SLC17A8,scEmbryo_sc2CBC,32cell_embryo6_4,0.7708333333333334,2.336023019171534,0.0,nan
SLC17A8,scEmbryo_sc2CBC,32cell_embryo6_5,0.7708333333333334,2.336023019171534,0.0,nan
SLC17A8,scEmbryo_sc2CBC,32cell_embryo6_6,0.7708333333333334,2.336023019171534,0.0,nan
SLC17A8,scEmbryo_sc2CBC,32cell_embryo6_7,0.7708333333333334,2.336023019171534,0.0,nan
SLC17A8,scEmbryo_sc2CBC,32cell_embryo6_8,0.7708333333333334,2.336023019171534,0.0,nan
SLC17A8,scEmbryo_sc2CBC,32cell_embryoMixed_1,0.7708333333333334,2.336023019171534,0.0,nan
SLC17A8,scEmbryo_sc2CBC,32cell_embryoMixed_2,0.7708333333333334,2.336023019171534,0.0,nan
SLC17A8,scEmbryo_sc2CBC,32cell_embryoMixed_3,0.7708333333333334,2.336023019171534,0.0,nan
SLC17A8,scEmbryo_sc2CBC,32cell_embryoMixed_4,0.7708333333333334,2.336023019171534,0.0,nan
SLC17A8,scEmbryo_sc2CBC,32cell_embryoMixed_5,0.7708333333333334,2.336023019171534,0.0,nan
SLC17A8,scEmbryo_sc2CBC,32cell_embryoMixed_6,0.7708333333333334,2.336023019171534,0.0,nan
SLC17A8,scEmbryo_sc2CBC,32cell_embryoMixed_7,0.7708333333333334,2.336023019171534,0.0,nan
SLC17A8,scEmbryo_sc2CBC,32cell_embryoMixed_8,0.7708333333333334,2.336023019171534,0.0,nan
SLC17A8,scEmbryo_sc2CBC,32cell_embryoMixed_9,0.7708333333333334,2.336023019171534,0.0,nan
SLC17A8,scEmbryo_sc2CBC,32cell_embryoMixed_10,0.7708333333333334,2.336023019171534,0.0,nan
SLC17A8,scEmbryo_sc2CBC,32cell_embryoMixed_11,0.7708333333333334,2.336023019171534,0.0,nan
SLC17A8,scEmbryo_sc2CBC,32cell_embryoMixed_12,0.7708333333333334,2.336023019171534,0.0,nan
SLC17A8,scEmbryo_sc2CBC,32cell_embryoMixed_13,0.7708333333333334,2.336023019171534,0.0,nan
SLC17A8,scEmbryo_sc2CBC,32cell_embryoMixed_14,0.7708333333333334,2.336023019171534,0.0,nan
SLC17A8,scEmbryo_sc2CBC,32cell_embryoMixed_15,0.7708333333333334,2.336023019171534,0.0,nan
SLC17A8,scEmbryo_sc2CBC,32cell_embryoMixed_16,0.7708333333333334,2.336023019171534,0.0,nan
SLC17A8,scEmbryo_sc2CBC,32cell_embryoMixed_17,0.7708333333333334,2.336023019171534,0.0,nan
SLC17A8,scEmbryo_sc2CBC,32cell_embryoMixed_18,0.7708333333333334,2.336023019171534,0.0,nan
SLC17A8,scEmbryo_sc2CBC,32cell_embryoMixed_19,0.7708333333333334,2.336023019171534,0.0,nan
SLC17A8,scEmbryo_sc2CBC,32cell_embryoMixed_20,0.7708333333333334,2.336023019171534,0.0,nan
SLC17A8,scEmbryo_sc2CBC,32cell_embryoMixed_21,0.7708333333333334,2.336023019171534,0.0,nan
SLC17A8,scEmbryo_sc2CBC,32cell_embryoMixed_22,0.7708333333333334,2.336023019171534,0.0,nan
SLC17A8,scEmbryo_sc2CBC,32cell_embryoMixed_23,0.7708333333333334,2.336023019171534,0.0,nan
SLC17A8,scEmbryo_sc2CBC,32cell_embryoMixed_24,0.7708333333333334,2.336023019171534,0.0,nan
SLC22A3,scEmbryo_sc1C2C,2cell_embryo1_1_split1,38.88461538461539,16.52713386664953,0.0,nan
SLC22A3,scEmbryo_sc1C2C,2cell_embryo1_1_split2,38.88461538461539,16.52713386664953,15.0,-1.4451758893786586
SLC22A3,scEmbryo_sc1C2C,2cell_embryo1_2_split1,38.88461538461539,16.52713386664953,20.0,-1.1426430945006787
SLC22A3,scEmbryo_sc1C2C,2cell_embryo1_2_split2,38.88461538461539,16.52713386664953,17.0,-1.3241627714274666
SLC22A3,scEmbryo_sc1C2C,2cell_embryo2_1_split1,38.88461538461539,16.52713386664953,40.0,0.06748808501124157
SLC22A3,scEmbryo_sc1C2C,2cell_embryo2_1_split2,38.88461538461539,16.52713386664953,27.0,-0.7190971816715066
SLC22A3,scEmbryo_sc1C2C,2cell_embryo2_2_split1,38.88461538461539,16.52713386664953,2.0,-2.2317611560614066
SLC22A3,scEmbryo_sc1C2C,2cell_embryo2_2_split2,38.88461538461539,16.52713386664953,0.0,nan
SLC22A3,scEmbryo_sc1C2C,2cell_embryo3_1_split1,38.88461538461539,16.52713386664953,19.0,-1.2031496534762747
SLC22A3,scEmbryo_sc1C2C,2cell_embryo3_1_split2,38.88461538461539,16.52713386664953,4.0,-2.1107480381102146
SLC22A3,scEmbryo_sc1C2C,2cell_embryo3_2_split1,38.88461538461539,16.52713386664953,1.0,-2.2922677150370028
SLC22A3,scEmbryo_sc1C2C,2cell_embryo3_2_split2,38.88461538461539,16.52713386664953,11.0,-1.6872021252810427
SLC22A3,scEmbryo_sc1C2C,2cell_embryo4_1_split1,38.88461538461539,16.52713386664953,17.0,-1.3241627714274666
SLC22A3,scEmbryo_sc1C2C,2cell_embryo4_1_split2,38.88461538461539,16.52713386664953,2.0,-2.2317611560614066
SLC22A3,scEmbryo_sc1C2C,2cell_embryo4_2_split1,38.88461538461539,16.52713386664953,8.0,-1.8687218022078307
SLC22A3,scEmbryo_sc1C2C,2cell_embryo4_2_split2,38.88461538461539,16.52713386664953,6.0,-1.9897349201590226
SLC22A3,scEmbryo_sc1C2C,2cell_embryo5_1_split1,38.88461538461539,16.52713386664953,11.0,-1.6872021252810427
SLC22A3,scEmbryo_sc1C2C,2cell_embryo5_1_split2,38.88461538461539,16.52713386664953,2.0,-2.2317611560614066
SLC22A3,scEmbryo_sc1C2C,2cell_embryo5_2_split1,38.88461538461539,16.52713386664953,0.0,nan
SLC22A3,scEmbryo_sc1C2C,2cell_embryo5_2_split2,38.88461538461539,16.52713386664953,0.0,nan
SLC22A3,scEmbryo_sc1C2C,2cell_embryo6_1_split1,38.88461538461539,16.52713386664953,6.0,-1.9897349201590226
SLC22A3,scEmbryo_sc1C2C,2cell_embryo6_1_split2,38.88461538461539,16.52713386664953,0.0,nan
SLC22A3,scEmbryo_sc1C2C,2cell_embryo6_2_split1,38.88461538461539,16.52713386664953,1.0,-2.2922677150370028
SLC22A3,scEmbryo_sc1C2C,2cell_embryo6_2_split2,38.88461538461539,16.52713386664953,18.0,-1.2636562124518707
SLC22A3,scEmbryo_sc1C2C,2cell_embryo7_1_split1,38.88461538461539,16.52713386664953,10.0,-1.7477086842566387
SLC22A3,scEmbryo_sc1C2C,2cell_embryo7_1_split2,38.88461538461539,16.52713386664953,11.0,-1.6872021252810427
SLC22A3,scEmbryo_sc1C2C,2cell_embryo7_2_split1,38.88461538461539,16.52713386664953,0.0,nan
SLC22A3,scEmbryo_sc1C2C,2cell_embryo7_2_split2,38.88461538461539,16.52713386664953,6.0,-1.9897349201590226
SLC22A3,scEmbryo_sc1C2C,2cell_embryo8_1_split1,38.88461538461539,16.52713386664953,8.0,-1.8687218022078307
SLC22A3,scEmbryo_sc1C2C,2cell_embryo8_1_split2,38.88461538461539,16.52713386664953,14.0,-1.5056824483542546
SLC22A3,scEmbryo_sc1C2C,2cell_embryo8_2_split1,38.88461538461539,16.52713386664953,6.0,-1.9897349201590226
SLC22A3,scEmbryo_sc1C2C,2cell_embryo8_2_split2,38.88461538461539,16.52713386664953,0.0,nan
SLC22A3,scEmbryo_sc1C2C,2cell_embryo9_1_split1,38.88461538461539,16.52713386664953,1.0,-2.2922677150370028
SLC22A3,scEmbryo_sc1C2C,2cell_embryo9_1_split2,38.88461538461539,16.52713386664953,0.0,nan
SLC22A3,scEmbryo_sc1C2C,2cell_embryo9_2_split1,38.88461538461539,16.52713386664953,0.0,nan
SLC22A3,scEmbryo_sc1C2C,2cell_embryo9_2_split2,38.88461538461539,16.52713386664953,1.0,-2.2922677150370028
SLC22A3,scEmbryo_sc1C2C,2cell_embryo10_1_split1,38.88461538461539,16.52713386664953,9.0,-1.8082152432322347
SLC22A3,scEmbryo_sc1C2C,2cell_embryo10_1_split2,38.88461538461539,16.52713386664953,8.0,-1.8687218022078307
SLC22A3,scEmbryo_sc1C2C,2cell_embryo10_2_split1,38.88461538461539,16.52713386664953,11.0,-1.6872021252810427
SLC22A3,scEmbryo_sc1C2C,2cell_embryo10_2_split2,38.88461538461539,16.52713386664953,1.0,-2.2922677150370028
SLC22A3,scEmbryo_sc1C2C,2cell_embryo11_1_split1,38.88461538461539,16.52713386664953,1.0,-2.2922677150370028
SLC22A3,scEmbryo_sc1C2C,2cell_embryo11_1_split2,38.88461538461539,16.52713386664953,1.0,-2.2922677150370028
SLC22A3,scEmbryo_sc1C2C,2cell_embryo11_2_split1,38.88461538461539,16.52713386664953,11.0,-1.6872021252810427
SLC22A3,scEmbryo_sc1C2C,2cell_embryo11_2_split2,38.88461538461539,16.52713386664953,22.0,-1.0216299765494865
SLC22A3,scEmbryo_sc1C2C,2cell_embryo12_1_split1,38.88461538461539,16.52713386664953,5.0,-2.050241479134619
SLC22A3,scEmbryo_sc1C2C,2cell_embryo12_1_split2,38.88461538461539,16.52713386664953,1.0,-2.2922677150370028
SLC22A3,scEmbryo_sc1C2C,2cell_embryo12_2_split1,38.88461538461539,16.52713386664953,1.0,-2.2922677150370028
SLC22A3,scEmbryo_sc1C2C,2cell_embryo12_2_split2,38.88461538461539,16.52713386664953,7.0,-1.9292283611834267
SLC22A3,scEmbryo_sc2CBC,32cell_embryo1_1_split1,7.541666666666667,8.505213253191803,0.0,nan
SLC22A3,scEmbryo_sc2CBC,32cell_embryo1_1_split2,7.541666666666667,8.505213253191803,0.0,nan
SLC22A3,scEmbryo_sc2CBC,32cell_embryo1_2_split1,7.541666666666667,8.505213253191803,0.0,nan
SLC22A3,scEmbryo_sc2CBC,32cell_embryo1_2_split2,7.541666666666667,8.505213253191803,5.0,-0.29883632438173613
SLC22A3,scEmbryo_sc2CBC,32cell_embryo1_3_split1,7.541666666666667,8.505213253191803,0.0,nan
SLC22A3,scEmbryo_sc2CBC,32cell_embryo1_3_split2,7.541666666666667,8.505213253191803,0.0,nan
SLC22A3,scEmbryo_sc2CBC,32cell_embryo1_4_split1,7.541666666666667,8.505213253191803,0.0,nan
SLC22A3,scEmbryo_sc2CBC,32cell_embryo1_4_split2,7.541666666666667,8.505213253191803,0.0,nan
SLC22A3,scEmbryo_sc2CBC,32cell_embryo1_5_split1,7.541666666666667,8.505213253191803,0.0,nan
SLC22A3,scEmbryo_sc2CBC,32cell_embryo1_5_split2,7.541666666666667,8.505213253191803,0.0,nan
SLC22A3,scEmbryo_sc2CBC,32cell_embryo1_6_split1,7.541666666666667,8.505213253191803,0.0,nan
SLC22A3,scEmbryo_sc2CBC,32cell_embryo1_6_split2,7.541666666666667,8.505213253191803,0.0,nan
SLC22A3,scEmbryo_sc2CBC,32cell_embryo1_7_split1,7.541666666666667,8.505213253191803,0.0,nan
SLC22A3,scEmbryo_sc2CBC,32cell_embryo1_7_split2,7.541666666666667,8.505213253191803,0.0,nan
SLC22A3,scEmbryo_sc2CBC,32cell_embryo1_8_split1,7.541666666666667,8.505213253191803,0.0,nan
SLC22A3,scEmbryo_sc2CBC,32cell_embryo1_8_split2,7.541666666666667,8.505213253191803,0.0,nan
SLC22A3,scEmbryo_sc2CBC,32cell_embryo2_1_split1,7.541666666666667,8.505213253191803,0.0,nan
SLC22A3,scEmbryo_sc2CBC,32cell_embryo2_1_split2,7.541666666666667,8.505213253191803,8.0,0.05388851751146057
SLC22A3,scEmbryo_sc2CBC,32cell_embryo2_4_split1,7.541666666666667,8.505213253191803,0.0,nan
SLC22A3,scEmbryo_sc2CBC,32cell_embryo2_4_split2,7.541666666666667,8.505213253191803,0.0,nan
SLC22A3,scEmbryo_sc2CBC,32cell_embryo2_5_split1,7.541666666666667,8.505213253191803,0.0,nan
SLC22A3,scEmbryo_sc2CBC,32cell_embryo2_5_split2,7.541666666666667,8.505213253191803,0.0,nan
SLC22A3,scEmbryo_sc2CBC,32cell_embryo2_7_split1,7.541666666666667,8.505213253191803,0.0,nan
SLC22A3,scEmbryo_sc2CBC,32cell_embryo2_7_split2,7.541666666666667,8.505213253191803,0.0,nan
SLC22A3,scEmbryo_sc2CBC,32cell_embryo2_8_split1,7.541666666666667,8.505213253191803,0.0,nan
SLC22A3,scEmbryo_sc2CBC,32cell_embryo2_8_split2,7.541666666666667,8.505213253191803,1.0,-0.7691361135726651
SLC22A3,scEmbryo_sc2CBC,32cell_embryo2_9_split1,7.541666666666667,8.505213253191803,0.0,nan
SLC22A3,scEmbryo_sc2CBC,32cell_embryo2_9_split2,7.541666666666667,8.505213253191803,0.0,nan
SLC22A3,scEmbryo_sc2CBC,32cell_embryo2_10_split1,7.541666666666667,8.505213253191803,0.0,nan
SLC22A3,scEmbryo_sc2CBC,32cell_embryo2_10_split2,7.541666666666667,8.505213253191803,0.0,nan
SLC22A3,scEmbryo_sc2CBC,32cell_embryo3_2_split2,7.541666666666667,8.505213253191803,0.0,nan
SLC22A3,scEmbryo_sc2CBC,32cell_embryo3_4_split1,7.541666666666667,8.505213253191803,0.0,nan
SLC22A3,scEmbryo_sc2CBC,32cell_embryo3_4_split2,7.541666666666667,8.505213253191803,0.0,nan
SLC22A3,scEmbryo_sc2CBC,32cell_embryo4_1,7.541666666666667,8.505213253191803,0.0,nan
SLC22A3,scEmbryo_sc2CBC,32cell_embryo4_2,7.541666666666667,8.505213253191803,0.0,nan
SLC22A3,scEmbryo_sc2CBC,32cell_embryo4_3,7.541666666666667,8.505213253191803,0.0,nan
SLC22A3,scEmbryo_sc2CBC,32cell_embryo4_4,7.541666666666667,8.505213253191803,0.0,nan
SLC22A3,scEmbryo_sc2CBC,32cell_embryo4_5,7.541666666666667,8.505213253191803,0.0,nan
SLC22A3,scEmbryo_sc2CBC,32cell_embryo5_3,7.541666666666667,8.505213253191803,0.0,nan
SLC22A3,scEmbryo_sc2CBC,32cell_embryo5_4,7.541666666666667,8.505213253191803,0.0,nan
SLC22A3,scEmbryo_sc2CBC,32cell_embryo5_5,7.541666666666667,8.505213253191803,0.0,nan
SLC22A3,scEmbryo_sc2CBC,32cell_embryo6_1,7.541666666666667,8.505213253191803,0.0,nan
SLC22A3,scEmbryo_sc2CBC,32cell_embryo6_2,7.541666666666667,8.505213253191803,0.0,nan
SLC22A3,scEmbryo_sc2CBC,32cell_embryo6_3,7.541666666666667,8.505213253191803,0.0,nan
SLC22A3,scEmbryo_sc2CBC,32cell_embryo6_4,7.541666666666667,8.505213253191803,0.0,nan
SLC22A3,scEmbryo_sc2CBC,32cell_embryo6_5,7.541666666666667,8.505213253191803,0.0,nan
SLC22A3,scEmbryo_sc2CBC,32cell_embryo6_6,7.541666666666667,8.505213253191803,0.0,nan
SLC22A3,scEmbryo_sc2CBC,32cell_embryo6_7,7.541666666666667,8.505213253191803,0.0,nan
SLC22A3,scEmbryo_sc2CBC,32cell_embryo6_8,7.541666666666667,8.505213253191803,0.0,nan
SLC22A3,scEmbryo_sc2CBC,32cell_embryoMixed_1,7.541666666666667,8.505213253191803,0.0,nan
SLC22A3,scEmbryo_sc2CBC,32cell_embryoMixed_2,7.541666666666667,8.505213253191803,0.0,nan
SLC22A3,scEmbryo_sc2CBC,32cell_embryoMixed_3,7.541666666666667,8.505213253191803,0.0,nan
SLC22A3,scEmbryo_sc2CBC,32cell_embryoMixed_4,7.541666666666667,8.505213253191803,0.0,nan
SLC22A3,scEmbryo_sc2CBC,32cell_embryoMixed_5,7.541666666666667,8.505213253191803,0.0,nan
SLC22A3,scEmbryo_sc2CBC,32cell_embryoMixed_6,7.541666666666667,8.505213253191803,0.0,nan
SLC22A3,scEmbryo_sc2CBC,32cell_embryoMixed_7,7.541666666666667,8.505213253191803,0.0,nan
SLC22A3,scEmbryo_sc2CBC,32cell_embryoMixed_8,7.541666666666667,8.505213253191803,0.0,nan
SLC22A3,scEmbryo_sc2CBC,32cell_embryoMixed_9,7.541666666666667,8.505213253191803,0.0,nan
SLC22A3,scEmbryo_sc2CBC,32cell_embryoMixed_10,7.541666666666667,8.505213253191803,0.0,nan
SLC22A3,scEmbryo_sc2CBC,32cell_embryoMixed_11,7.541666666666667,8.505213253191803,0.0,nan
SLC22A3,scEmbryo_sc2CBC,32cell_embryoMixed_12,7.541666666666667,8.505213253191803,0.0,nan
SLC22A3,scEmbryo_sc2CBC,32cell_embryoMixed_13,7.541666666666667,8.505213253191803,0.0,nan
SLC22A3,scEmbryo_sc2CBC,32cell_embryoMixed_14,7.541666666666667,8.505213253191803,0.0,nan
SLC22A3,scEmbryo_sc2CBC,32cell_embryoMixed_15,7.541666666666667,8.505213253191803,0.0,nan
SLC22A3,scEmbryo_sc2CBC,32cell_embryoMixed_16,7.541666666666667,8.505213253191803,0.0,nan
SLC22A3,scEmbryo_sc2CBC,32cell_embryoMixed_17,7.541666666666667,8.505213253191803,0.0,nan
SLC22A3,scEmbryo_sc2CBC,32cell_embryoMixed_18,7.541666666666667,8.505213253191803,0.0,nan
SLC22A3,scEmbryo_sc2CBC,32cell_embryoMixed_19,7.541666666666667,8.505213253191803,0.0,nan
SLC22A3,scEmbryo_sc2CBC,32cell_embryoMixed_20,7.541666666666667,8.505213253191803,0.0,nan
SLC22A3,scEmbryo_sc2CBC,32cell_embryoMixed_21,7.541666666666667,8.505213253191803,0.0,nan
SLC22A3,scEmbryo_sc2CBC,32cell_embryoMixed_22,7.541666666666667,8.505213253191803,0.0,nan
SLC22A3,scEmbryo_sc2CBC,32cell_embryoMixed_23,7.541666666666667,8.505213253191803,0.0,nan
SLC22A3,scEmbryo_sc2CBC,32cell_embryoMixed_24,7.541666666666667,8.505213253191803,0.0,nan
